Function,Hardware Event Count:INST_RETIRED.ANY,Hardware Event Count:CPU_CLK_UNHALTED.THREAD,Hardware Event Count:CPU_CLK_UNHALTED.REF_TSC,Hardware Event Count:CPU_CLK_UNHALTED.REF_XCLK,Hardware Event Count:CPU_CLK_UNHALTED.ONE_THREAD_ACTIVE,Hardware Event Count:MEM_INST_RETIRED.ALL_LOADS_PS,Hardware Event Count:MEM_INST_RETIRED.ALL_STORES_PS,Hardware Event Count:MEM_TRANS_RETIRED.LOAD_LATENCY_GT_4,Hardware Event Count:CPU_CLK_UNHALTED.THREAD_P,Hardware Event Count:CYCLE_ACTIVITY.STALLS_L1D_MISS,Hardware Event Count:CYCLE_ACTIVITY.STALLS_L2_MISS,Hardware Event Count:CYCLE_ACTIVITY.STALLS_L3_MISS,Hardware Event Count:CYCLE_ACTIVITY.STALLS_MEM_ANY,Hardware Event Count:DTLB_LOAD_MISSES.STLB_HIT,Hardware Event Count:DTLB_LOAD_MISSES.WALK_ACTIVE,Hardware Event Count:DTLB_STORE_MISSES.STLB_HIT,Hardware Event Count:DTLB_STORE_MISSES.WALK_ACTIVE,Hardware Event Count:EXE_ACTIVITY.1_PORTS_UTIL,Hardware Event Count:EXE_ACTIVITY.2_PORTS_UTIL,Hardware Event Count:EXE_ACTIVITY.BOUND_ON_STORES,Hardware Event Count:EXE_ACTIVITY.EXE_BOUND_0_PORTS,Hardware Event Count:FRONTEND_RETIRED.LATENCY_GE_16_PS,Hardware Event Count:IDQ_UOPS_NOT_DELIVERED.CORE,Hardware Event Count:INT_MISC.RECOVERY_CYCLES,Hardware Event Count:L1D_PEND_MISS.FB_FULL:cmask=1,Hardware Event Count:L1D_PEND_MISS.PENDING,Hardware Event Count:L2_RQSTS.RFO_HIT,Hardware Event Count:LD_BLOCKS.NO_SR,Hardware Event Count:LD_BLOCKS.STORE_FORWARD,Hardware Event Count:LD_BLOCKS_PARTIAL.ADDRESS_ALIAS,Hardware Event Count:MEM_INST_RETIRED.LOCK_LOADS_PS,Hardware Event Count:MEM_INST_RETIRED.SPLIT_LOADS_PS,Hardware Event Count:MEM_INST_RETIRED.SPLIT_STORES_PS,Hardware Event Count:MEM_INST_RETIRED.STLB_MISS_LOADS_PS,Hardware Event Count:MEM_INST_RETIRED.STLB_MISS_STORES_PS,Hardware Event Count:MEM_LOAD_L3_HIT_RETIRED.XSNP_HITM_PS,Hardware Event Count:MEM_LOAD_L3_HIT_RETIRED.XSNP_HIT_PS,Hardware Event Count:MEM_LOAD_L3_HIT_RETIRED.XSNP_MISS_PS,Hardware Event Count:MEM_LOAD_L3_MISS_RETIRED.LOCAL_DRAM_PS,Hardware Event Count:MEM_LOAD_L3_MISS_RETIRED.REMOTE_DRAM_PS,Hardware Event Count:MEM_LOAD_L3_MISS_RETIRED.REMOTE_FWD,Hardware Event Count:MEM_LOAD_L3_MISS_RETIRED.REMOTE_HITM_PS,Hardware Event Count:MEM_LOAD_L3_MISS_RETIRED.REMOTE_PMM_PS,Hardware Event Count:MEM_LOAD_RETIRED.FB_HIT_PS,Hardware Event Count:MEM_LOAD_RETIRED.L1_HIT_PS,Hardware Event Count:MEM_LOAD_RETIRED.L1_MISS_PS,Hardware Event Count:MEM_LOAD_RETIRED.L2_HIT_PS,Hardware Event Count:MEM_LOAD_RETIRED.L3_HIT_PS,Hardware Event Count:MEM_LOAD_RETIRED.L3_MISS_PS,Hardware Event Count:MEM_LOAD_RETIRED.LOCAL_PMM_PS,Hardware Event Count:OFFCORE_REQUESTS_BUFFER.SQ_FULL,Hardware Event Count:OFFCORE_REQUESTS_OUTSTANDING.ALL_DATA_RD:cmask=4,Hardware Event Count:OFFCORE_REQUESTS_OUTSTANDING.CYCLES_WITH_DATA_RD,Hardware Event Count:OFFCORE_REQUESTS_OUTSTANDING.CYCLES_WITH_DEMAND_RFO,Hardware Event Count:UOPS_ISSUED.ANY,Hardware Event Count:UOPS_RETIRED.RETIRE_SLOTS,Hardware Event Count:OFFCORE_RESPONSE:request=DEMAND_RFO:response=L3_HIT.HITM_OTHER_CORE,Hardware Event Count:OFFCORE_RESPONSE:request=DEMAND_RFO:response=L3_MISS.REMOTE_HITM,Hardware Event Count:Total_Latency_MEM_TRANS_RETIRED.LOAD_LATENCY_GT_4,Module,Function (Full),Source File,Start Address
buildLocalMapCounter,9733313593920,39249671969520,28708978998960,307365220680,104121123540,4282952484720,361462843560,52910668440,39214617514688,30449204658768,26126558318896,23383114295184,31947766856656,54600080080,241801253820,1386041580,924027720,2954284332944,1711922510816,0,31920046816,84005880,6819970002608,370440543312,0,47220669256880,2604039060,0,84002520,11172335160,0,0,0,378011340,0,4588922520,0,0,18859320060,34988449020,1260088200,0,42002940,132177965220,4157166097168,109119273480,23772713160,15987712020,60652245360,0,0,7985891712624,35741212420368,73080107184,12269897995824,8176571992288,0,0,1269772017360,driverForGraphClustering,"buildLocalMapCounter(long, long, std::map<long, long, std::less<long>, std::allocator<std::pair<long const, long>>>&, std::vector<double, std::allocator<double>>&, edge*, long*, long)",utilityClusteringFunctions.cpp,0x43d4d0
_int_free,3195676694400,1440214564320,1064995559280,11592347760,3864115920,761020829940,340504214820,10091426520,1442282115344,21840032032,13440019712,6720009856,193200283360,840001232,4158124740,84002520,42001260,333480489104,330120484176,30240044352,1680002464,0,1185241738352,6720009856,0,138600203280,252003780,0,1302039060,7770233100,26713869840,0,0,42001260,0,0,0,0,126008820,0,0,0,0,3108093240,748441097712,4032120960,4158124740,168070560,0,0,0,4200006160,68880101024,36960054208,2808124118576,2942524315696,0,0,88079415900,libc-2.29.so,_int_free,malloc.c,0x950c0
__GI___libc_malloc,1960667054880,1147707544320,837020088000,8946268380,2394071820,524553736140,149314479300,5890166520,1126441652112,29400043120,32760048048,20160029568,223440327712,3360004928,34609038240,504015120,3822114660,211680310464,225960331408,2520003696,5880008624,0,834121223376,31080045584,0,118440173712,1008015120,0,294008820,4410132300,17263208340,0,0,0,0,0,0,0,0,0,0,0,0,168005040,498120730576,1050031500,1470044100,0,0,0,0,26040038192,507360744128,25200036960,2017682959264,1680842465232,0,0,55372606800,libc-2.29.so,__GI___libc_malloc,malloc.c,0x98a40
"_INTERNAL_25_______src_kmp_barrier_cpp_ddfed41b::__kmp_wait_template<kmp_flag_64, (int)1, (bool)0, (bool)1>",1925386208160,3058543403280,2212073088480,23226696780,9618288540,788237646420,71906157120,10246873140,3104644553472,0,1680002464,840001232,259560380688,0,168005040,84002520,0,388080569184,296520434896,0,506520742896,0,948361390928,0,0,1680002464,0,0,0,0,0,0,0,0,0,0,0,0,0,0,0,0,0,0,771121130976,42001260,0,0,0,0,5040007392,0,42840062832,41160060368,2317563399088,2406603529680,0,0,70287079800,libiomp5.so,"bool _INTERNAL_25_______src_kmp_barrier_cpp_ddfed41b::__kmp_wait_template<kmp_flag_64, (int)1, (bool)0, (bool)1>(kmp_info*, kmp_flag_64*, void*)",kmp_wait_release.h,0x62210
std::_Rb_tree_insert_and_rebalance,1864244740800,1557397376640,1151037624240,12264367920,4200126000,615990479160,298838964900,5743122420,1519562228688,58800086240,49560072688,32760048048,383880563024,0,47755432620,630018900,1638049140,327600480480,261240383152,0,20160029568,42002940,1520402229920,128520188496,0,204960300608,168002520,0,0,3066091980,0,0,0,84002520,42001260,0,0,0,0,0,0,0,0,1050031500,609840894432,2268068040,2562076860,147061740,0,0,0,38640056672,612360898128,5880008624,2070603036880,1638842403632,0,0,42638587740,libstdc++.so.6.0.26,"std::_Rb_tree_insert_and_rebalance(bool, std::_Rb_tree_node_base*, std::_Rb_tree_node_base*, std::_Rb_tree_node_base&)",[Unknown],0xbced0
_int_malloc,1700260805280,1390713376320,996233909040,11214336420,2814084420,340672219860,311775352980,4986895620,1333921956416,57120083776,14280020944,20160029568,354480519904,0,4872146160,84002520,210006300,339360497728,270480396704,840001232,9240013552,0,828241214752,36120052976,0,161280236544,420006300,0,12600378000,3192095760,17725240680,0,0,0,0,0,0,0,0,0,0,0,0,840025200,341880501424,11550346500,10794323820,105044100,0,0,0,31920046816,533400782320,6720009856,2014322954336,1783322615536,0,0,75748717800,libc-2.29.so,_int_malloc,malloc.c,0x966c0
max,862580701440,3757230171360,2741285789280,28770863100,9198275940,338614158120,4746142380,3037510980,3765725523056,2977804367440,2858524192496,2833324155536,2989564384688,4200006160,43597307880,42001260,210006300,391440574112,205800301840,0,11760017248,42002940,529200776160,77280113344,0,8702412763520,84001260,0,0,3696110880,0,0,0,42001260,0,1025363640,0,0,3360235200,9198643860,84005880,0,0,8316249480,292320428736,33222996660,5796173880,4705975680,15919114260,0,0,519120761376,3493565123888,19320028336,1286881887424,872761280048,0,0,112492937760,driverForGraphClustering,"max(std::map<long, long, std::less<long>, std::allocator<std::pair<long const, long>>>&, std::vector<double, std::allocator<double>>&, double, comm*, double, long, double)",utilityClusteringFunctions.cpp,0x43dfe0
func@0xbcd30,677536260480,592394217120,440470571040,5124153720,1386041580,236803103880,0,1348604460,600600880880,33600049280,19320028336,21840032032,150360220528,0,33601008000,252007560,84002520,120120176176,73080107184,0,8400012320,0,620760910448,111720163856,0,59640087472,840012600,0,0,1344040320,0,0,0,0,0,0,0,0,0,0,0,0,0,420012600,226800332640,1134034020,882026460,63026460,0,0,0,10080014784,250320367136,3360004928,557760818048,681240999152,0,0,9394017360,libstdc++.so.6.0.26,func@0xbcd30,[Unknown],0xbcd30
__GI_,395829499680,470981303280,352178452080,3360100800,1134034020,247933437780,22680680400,2907271920,504840740432,18480027104,9240013552,10080014784,141960208208,0,24360730800,0,42001260,98280144144,83160121968,0,3360004928,0,676200991760,18480027104,0,50400073920,84001260,0,126003780,1008030240,0,0,0,0,0,0,0,0,0,0,0,0,0,126003780,229320336336,4578137340,4914147420,147061740,0,0,0,2520003696,40320059136,840001232,693841017632,391440574112,0,0,23531257260,libc-2.29.so,"float __GI_(long, int, bool, char)",malloc.c,0x991d0
malloc_consolidate,386709280800,364778754480,263976335280,3024090720,1344040320,84968548980,47587427580,1004101140,355320521136,67200098560,58800086240,30240044352,133560195888,3360004928,9240277200,882026460,2352070560,86520126896,54600080080,0,5880008624,0,299040438592,21000030800,0,210000308000,0,0,0,504015120,462032340,0,0,168005040,0,0,0,0,126008820,0,0,0,0,3108093240,68880101024,6342190260,4746142380,945396900,168011760,0,0,15120022176,84840124432,2520003696,499800733040,349440512512,0,0,11561867520,libc-2.29.so,malloc_consolidate,malloc.c,0x94880
tcache_get,317527620480,161013864240,120872900880,1218036540,126003780,51997559880,133438003020,617585220,173040253792,2520003696,3360004928,1680002464,17640025872,0,84002520,168005040,0,33600049280,27720040656,0,840001232,0,101640149072,5040007392,0,26880039424,84001260,0,0,1050031500,0,0,0,0,0,0,0,0,0,0,0,0,0,0,60480088704,2184065520,2856085680,21008820,0,0,0,3360004928,85680125664,840001232,239400351120,260400381920,0,0,4730618760,libc-2.29.so,tcache_get,malloc.c,0x98bd9
"_INTERNAL_25_______src_kmp_barrier_cpp_ddfed41b::__kmp_wait_template<kmp_flag_64, (int)0, (bool)0, (bool)1>",303007272000,497891949120,353618486640,4578137340,2436073080,153514605300,15036451080,1394818320,435120638176,1680002464,840001232,840001232,25200036960,0,0,0,0,61320089936,47880070224,0,76440112112,0,102480150304,1680002464,0,840001232,0,0,0,0,0,0,0,0,0,0,0,0,0,0,0,0,0,0,124320182336,0,0,0,0,0,840001232,0,840001232,7560011088,353640518672,328440481712,0,0,9406621140,libiomp5.so,"bool _INTERNAL_25_______src_kmp_barrier_cpp_ddfed41b::__kmp_wait_template<kmp_flag_64, (int)0, (bool)0, (bool)1>(kmp_info*, kmp_flag_64*, void*)",kmp_wait_release.h,0x62cf8
[vmlinux],264606350400,3959735031360,2988341718480,33391001700,5922177660,75014250360,46369391040,815044440,4087445994912,251160368368,245280359744,132720194656,451080661584,1680002464,11928357840,0,1092032760,39480057904,39480057904,1639682404864,9240013552,0,1459082139984,0,182280267344,594720872256,84001260,0,336010080,8022240660,840058800,0,0,42001260,0,0,0,0,126008820,0,0,0,0,2058061740,57960085008,588017640,210006300,189079380,420029400,42002940,252000369600,82320120736,370440543312,3160084634784,360360528528,327600480480,0,0,13217163960,vmlinux,[vmlinux],[Unknown],0x0
plm_analyzeClusters$omp$parallel_for@64,149943598560,325627814880,242195812560,2982089460,798023940,76652299500,20706621180,966289800,328440481712,152040222992,153720225456,165480242704,202440296912,1680002464,2394071820,0,42001260,36120052976,45360066528,2520003696,0,0,155400227920,5040007392,0,220080322784,84001260,0,0,420012600,0,0,0,0,0,0,0,0,42002940,0,0,0,0,3066091980,50400073920,4704141120,4956148680,42017640,168011760,0,0,8400012320,177240259952,5040007392,302400443520,237720348656,0,0,8948683800,driverForGraphClustering,plm_analyzeClusters$omp$parallel_for@64,parallelLouvainMethod-nrt.cpp,0x4316b4
operator new,149343584160,131133147120,95672296080,1050031500,504015120,14616438480,6678200340,693207900,128520188496,3360004928,3360004928,1680002464,19320028336,840001232,882026460,42001260,42001260,25200036960,26040038192,0,0,42002940,91560134288,11760017248,0,15120022176,168002520,0,0,210006300,0,0,0,0,0,0,0,0,0,0,0,0,0,0,12600018480,0,0,0,0,0,0,4200006160,54600080080,840001232,177240259952,139440204512,0,0,5070920820,libstdc++.so.6.0.26,operator new(unsigned long),[Unknown],0xa5a10
"__gnu_cxx::new_allocator<std::_Rb_tree_node<std::pair<long const, long>>>::allocate",143883453120,114572749680,83342000160,1092032760,336010080,4578137340,204126123600,348704580,103320151536,5880008624,3360004928,4200006160,23520034496,0,714021420,42001260,42001260,20160029568,21840032032,0,0,0,85680125664,5040007392,0,10920016016,0,0,0,378011340,0,0,0,0,0,0,0,0,0,0,0,0,0,0,2520003696,0,0,0,0,0,0,5040007392,70560103488,0,204960300608,99120145376,0,0,2491347180,driverForGraphClustering,"__gnu_cxx::new_allocator<std::_Rb_tree_node<std::pair<long const, long>>>::allocate(unsigned long, void const*)",new_allocator.h,0x43d783
std::_Rb_tree_increment,140883381120,199624790880,140313367440,1806054180,672020160,84758542680,0,1705711560,177240259952,87360128128,71400104720,59640087472,110880162624,3360004928,4494134820,0,0,42840062832,13440019712,0,5880008624,0,81480119504,12600018480,0,191520280896,0,0,0,84002520,0,0,0,294008820,0,0,0,0,126008820,0,0,0,0,1890056700,99960146608,8778263340,11004330120,693291060,252017640,0,0,10080014784,111720163856,840001232,147840216832,139440204512,0,0,14901869220,libstdc++.so.6.0.26,std::_Rb_tree_increment(std::_Rb_tree_node_base*),[Unknown],0xbcd90
"std::vector<double, std::allocator<double>>::push_back",138363320640,136533276720,92522220480,798023940,504015120,30660919800,4284128520,764629320,112560165088,5040007392,3360004928,2520003696,25200036960,0,0,0,42001260,26040038192,26880039424,0,1680002464,0,236040346192,0,0,18480027104,84001260,0,0,168005040,0,0,0,0,0,0,0,0,0,0,0,0,0,0,34440050512,0,0,0,0,0,0,5880008624,45360066528,1680002464,174720256256,103320151536,0,0,5520455640,driverForGraphClustering,"std::vector<double, std::allocator<double>>::push_back(double const&)",stl_vector.h,0x43db37
__intel_ssse3_rep_memmove,137523300480,101612438640,78481883520,714021420,252007560,39313179360,28854865620,403320960,102480150304,13440019712,6720009856,3360004928,15960023408,0,210006300,0,0,20160029568,18480027104,840001232,5040007392,42002940,89040130592,10920016016,3360004928,58800086240,1596023940,0,0,420012600,0,0,0,0,0,0,0,0,0,0,0,0,0,2142064260,42000061600,2478074340,2016060480,105044100,0,0,840001232,10080014784,38640056672,5880008624,119280174944,132720194656,0,0,4709612460,driverForGraphClustering,__intel_ssse3_rep_memmove,[Unknown],0x47b570
"std::_Rb_tree_iterator<std::pair<long const, long>>::operator!=",93482243520,139953358800,107372576880,1050031500,504015120,64681940400,0,1512453600,130200190960,30240044352,26880039424,13440019712,33600049280,0,15750472500,0,0,31080045584,22680033264,0,840001232,0,123480181104,3360004928,0,57960085008,0,0,0,84002520,0,0,0,0,0,0,0,0,0,0,0,0,0,0,46200067760,0,0,0,0,0,0,13440019712,95760140448,0,160440235312,69720102256,0,0,10751024340,driverForGraphClustering,"std::_Rb_tree_iterator<std::pair<long const, long>>::operator!=(std::_Rb_tree_iterator<std::pair<long const, long>> const&) const",stl_tree.h,0x43d666
kmp_flag_native<unsigned long long>::get,81901965600,39240941760,27900669600,420012600,126003780,0,0,499949940,30240044352,0,0,0,1680002464,0,0,0,0,1680002464,20160029568,0,0,0,73080107184,0,0,0,0,0,0,0,0,0,0,0,0,0,0,0,0,0,0,0,0,0,0,0,0,0,0,0,0,0,1680002464,2520003696,26880039424,38640056672,0,0,3508052100,libiomp5.so,kmp_flag_native<unsigned long long>::get(void),kmp_wait_release.h,0x6253a
duplicateGivenGraph$omp$parallel_for@171,68161635840,7144281458640,5289516945360,56617698480,17052511560,23898716940,17682530460,92427720,7232410607520,5674208322160,2292363362128,2019362961728,5756528442896,0,378011340,0,84002520,3360004928,0,298200437360,1680002464,0,3327244879952,0,77280113344,13837340294736,84001260,0,0,0,0,0,0,0,0,0,0,0,0,0,0,0,0,5082152460,1680002464,42001260,0,0,0,0,535080784784,5260087714784,6396609381680,2491443654112,26880039424,17640025872,0,0,12221465340,driverForGraphClustering,duplicateGivenGraph$omp$parallel_for@171,utilityFunctions.cpp,0x44cd3b
"std::_Rb_tree<long, std::pair<long const, long>, std::_Select1st<std::pair<long const, long>>, std::less<long>, std::allocator<std::pair<long const, long>>>::_M_erase",64501548000,112502700000,79471907280,714021420,252007560,15834475020,3570107100,348704580,131880193424,26880039424,20160029568,8400012320,41160060368,840001232,2604078120,42001260,0,15960023408,15960023408,0,0,0,63000092400,10080014784,0,39480057904,0,0,0,252007560,0,0,0,0,0,0,0,0,0,0,0,0,0,0,15960023408,252007560,84002520,105044100,0,0,0,840001232,23520034496,0,126000184800,90720133056,0,0,2646793800,driverForGraphClustering,"std::_Rb_tree<long, std::pair<long const, long>, std::_Select1st<std::pair<long const, long>>, std::less<long>, std::allocator<std::pair<long const, long>>>::_M_erase(std::_Rb_tree_node<std::pair<long const, long>>*)",stl_tree.h,0x41e310
"std::_Rb_tree_iterator<std::pair<long const, long>>::operator++",58501404000,38430922320,30060721440,252007560,84002520,0,32886986580,0,28560041888,12600018480,26040038192,13440019712,22680033264,0,1008030240,0,0,9240013552,0,0,840001232,0,15120022176,2520003696,0,57960085008,0,0,0,42001260,0,0,0,0,0,0,0,0,0,0,0,0,0,0,0,0,0,0,0,0,0,3360004928,30240044352,840001232,29400043120,37800055440,0,0,0,driverForGraphClustering,"std::_Rb_tree_iterator<std::pair<long const, long>>::operator++(int)",stl_tree.h,0x43e0b1
"__gnu_cxx::new_allocator<double>::construct<double, double const&>",56341352160,192064609440,142113410640,1680050400,336010080,16212486360,33138994140,289886940,207480304304,139440204512,84840124432,81480119504,152880224224,0,168005040,0,0,11760017248,5880008624,0,0,0,68880101024,1680002464,0,144480211904,0,0,0,84002520,0,0,0,0,0,0,0,0,0,0,0,0,0,84002520,15960023408,168005040,42001260,0,126008820,0,0,15960023408,149520219296,1680002464,58800086240,52080076384,0,0,7948783920,driverForGraphClustering,"void __gnu_cxx::new_allocator<double>::construct<double, double const&>(double*, double const&&&)",new_allocator.h,0x43dc17
free_perturb,46741121760,21420514080,19710473040,126003780,0,5292158760,0,277283160,14280020944,0,0,0,840001232,0,0,0,0,5040007392,7560011088,0,0,42002940,13440019712,0,0,2520003696,0,0,0,84002520,0,0,0,0,0,0,0,0,0,0,0,0,0,0,6720009856,0,0,0,0,0,0,0,1680002464,0,38640056672,40320059136,0,0,2050214880,libc-2.29.so,free_perturb,malloc.c,0x95192
tcache_put,45781098720,24660591840,18000432000,168005040,0,7686230580,33811014300,67220160,25200036960,840001232,0,0,5040007392,0,84002520,0,0,0,2520003696,840001232,0,0,27720040656,840001232,0,8400012320,0,0,0,168005040,0,0,0,0,0,0,0,0,0,0,0,0,0,0,8400012320,294008820,252007560,0,0,0,0,0,7560011088,3360004928,45360066528,45360066528,0,0,541962540,libc-2.29.so,tcache_put,malloc.c,0x95390
unlink_chunk,44641071360,81001944000,52831267920,504015120,168005040,20454613620,4452133560,390717180,86520126896,16800024640,7560011088,10080014784,14280020944,0,3024090720,210006300,462013860,8400012320,10080014784,0,2520003696,0,73080107184,6720009856,0,50400073920,0,0,0,126003780,0,0,0,0,0,0,0,0,0,0,0,0,0,714021420,16800024640,2100063000,1554046620,315132300,0,0,0,7560011088,25200036960,840001232,88200129360,38640056672,0,0,3608882340,libc-2.29.so,unlink_chunk,malloc.c,0x93760
unlink_chunk,41040984960,51121226880,31950766800,504015120,252007560,12012360360,22092662760,256276860,42840062832,13440019712,13440019712,5880008624,21000030800,0,3024090720,210006300,924027720,11760017248,6720009856,0,0,42002940,56280082544,3360004928,0,61320089936,0,0,0,0,0,0,0,42001260,0,0,0,0,0,0,0,0,0,714021420,10920016016,966028980,504015120,315132300,84005880,0,0,4200006160,17640025872,840001232,59640087472,42840062832,0,0,2251875360,libc-2.29.so,unlink_chunk,malloc.c,0x94987
operator delete,36660879840,61201468800,47971151280,714021420,84002520,0,0,0,68040099792,1680002464,840001232,840001232,21000030800,0,7728231840,0,0,7560011088,8400012320,840001232,0,0,73080107184,8400012320,0,3360004928,0,0,0,84002520,0,0,0,0,0,0,0,0,0,0,0,0,0,0,0,0,0,0,0,0,0,0,2520003696,840001232,87360128128,52080076384,0,0,0,libstdc++.so.6.0.26,operator delete(void*),[Unknown],0xa3d60
std::_Rb_tree_decrement,31680760320,20520492480,13050313200,168005040,42001260,0,0,0,12600018480,0,0,0,3360004928,0,294008820,84002520,0,5040007392,840001232,0,0,0,17640025872,1680002464,0,2520003696,0,0,0,294008820,0,0,0,0,0,0,0,0,0,0,0,0,0,0,0,0,0,0,0,0,0,0,8400012320,0,28560041888,17640025872,0,0,0,libstdc++.so.6.0.26,std::_Rb_tree_decrement(std::_Rb_tree_node_base*),[Unknown],0xbcdf0
func@0x967a0,30180724320,45901101600,33030792720,210006300,210006300,31458943740,0,466339860,36960054208,0,840001232,0,15960023408,0,2310069300,0,0,14280020944,5880008624,0,0,0,58800086240,6720009856,0,3360004928,0,0,0,168005040,0,0,0,0,0,0,0,0,0,0,0,0,0,0,33600049280,210006300,0,0,0,0,0,0,2520003696,0,77280113344,22680033264,0,0,3310592880,libstdc++.so.6.0.26,func@0x967a0,[Unknown],0x967a0
func@0x404080,28740689760,22320535680,14940358560,252007560,126003780,21252637560,0,432729780,15960023408,1680002464,840001232,840001232,9240013552,0,378011340,0,0,2520003696,4200006160,0,0,0,39480057904,0,0,1680002464,0,0,0,84002520,0,0,0,0,0,0,0,0,0,0,0,0,0,0,21840032032,168005040,168005040,0,0,0,0,0,13440019712,0,15960023408,19320028336,0,0,4449134340,driverForGraphClustering,func@0x404080,[Unknown],0x404080
tcache_get,27720665280,14850356400,10620254880,126003780,42001260,9366280980,5292158760,84025200,20160029568,0,0,0,1680002464,0,0,0,0,3360004928,7560011088,0,0,0,10920016016,0,0,840001232,0,0,0,42001260,0,0,0,0,0,0,0,0,0,0,0,0,0,0,13440019712,0,0,0,0,0,0,0,2520003696,0,28560041888,18480027104,0,0,651195300,libc-2.29.so,tcache_get,malloc.c,0x974b8
"std::vector<double, std::allocator<double>>::_M_realloc_insert<double const&>",27420658080,11790282960,9450226800,84002520,0,0,7266217980,0,8400012320,0,0,0,840001232,0,0,0,0,840001232,2520003696,0,0,0,6720009856,0,0,840001232,84001260,0,0,168005040,0,0,0,0,0,0,0,0,0,0,0,0,0,0,0,0,0,0,0,0,0,0,10920016016,0,21000030800,20160029568,0,0,0,driverForGraphClustering,"void std::vector<double, std::allocator<double>>::_M_realloc_insert<double const&>(__gnu_cxx::__normal_iterator<double*, std::vector<double, std::allocator<double>>>, double const&&&)",stl_vector.h,0x43db47
func@0x4043a0,24240581760,30870740880,26010624240,378011340,126003780,29484884520,0,365509620,26880039424,840001232,0,1680002464,10920016016,0,42001260,0,42001260,2520003696,2520003696,0,0,0,12600018480,0,0,2520003696,0,0,0,84002520,0,0,0,0,0,0,0,0,0,0,0,0,0,0,17640025872,42001260,84002520,0,0,0,0,0,17640025872,0,75600110880,35280051744,0,0,2650995060,driverForGraphClustering,func@0x4043a0,[Unknown],0x4043a0
__gnu_cxx::new_allocator<double>::allocate,22440538560,23850572400,15030360720,252007560,126003780,42001260,11550346500,50415120,25200036960,2520003696,840001232,840001232,6720009856,0,0,0,0,3360004928,3360004928,0,0,0,36960054208,0,0,4200006160,168002520,0,0,42001260,0,0,0,0,0,0,0,0,0,0,0,0,0,0,0,0,0,0,0,0,0,0,11760017248,0,41160060368,18480027104,0,0,420126000,driverForGraphClustering,"__gnu_cxx::new_allocator<double>::allocate(unsigned long, void const*)",new_allocator.h,0x43dd37
_INTERNAL_25_______src_kmp_barrier_cpp_ddfed41b::__kmp_hyper_barrier_gather,21840524160,6300151200,3690088560,42001260,42001260,0,0,75622680,5880008624,0,0,0,0,0,0,0,0,0,0,0,0,0,7560011088,0,0,0,0,0,0,0,0,0,0,0,0,0,0,0,0,0,0,0,0,0,0,0,0,0,0,0,0,0,840001232,0,2520003696,3360004928,0,0,529358760,libiomp5.so,"_INTERNAL_25_______src_kmp_barrier_cpp_ddfed41b::__kmp_hyper_barrier_gather(barrier_type, kmp_info*, int, int, void (*)(void*, void*), void*)",kmp_barrier.cpp,0x62b80
"std::map<long, long, std::less<long>, std::allocator<std::pair<long const, long>>>::operator[]",21360512640,44371064880,26100626400,168005040,0,8064241920,45445363320,394918440,41160060368,4200006160,1680002464,1680002464,6720009856,0,0,0,0,5880008624,1680002464,0,840001232,0,32760048048,5880008624,0,4200006160,0,0,0,0,0,0,0,0,0,0,0,0,0,0,0,0,0,0,7560011088,0,0,0,0,0,0,0,20160029568,0,46200067760,19320028336,0,0,2856856800,driverForGraphClustering,"std::map<long, long, std::less<long>, std::allocator<std::pair<long const, long>>>::operator[](long const&)",stl_map.h,0x43d68e
sumVertexDegree$omp$parallel_for@74,18420442080,12866888797920,9505488126240,103659109680,44311329300,6342190260,0,16805040,12590778466448,11261896517424,10060694755664,9192133481776,10422735286656,0,882026460,0,210006300,840001232,0,1680002464,1680002464,0,7113970433808,0,295680433664,69680622198096,0,0,0,0,0,0,0,0,0,0,0,0,0,84005880,0,0,42002940,2772083160,0,840025200,84002520,21008820,420029400,0,1218841787632,10789815825040,12195977887408,5394487911904,48720071456,30240044352,0,0,15704309880,driverForGraphClustering,sumVertexDegree$omp$parallel_for@74,utilityClusteringFunctions.cpp,0x43cf1c
__gnu_cxx::new_allocator<double>::deallocate,18240437760,11070265680,7290174960,210006300,0,2394071820,4242127260,46213860,16800024640,0,1680002464,0,840001232,0,0,0,0,840001232,1680002464,0,0,0,15960023408,0,0,5040007392,84001260,0,0,84002520,0,0,0,0,0,0,0,0,0,0,0,0,0,0,840001232,0,0,0,0,0,0,840001232,6720009856,0,20160029568,13440019712,0,0,331899540,driverForGraphClustering,"__gnu_cxx::new_allocator<double>::deallocate(double*, unsigned long)",new_allocator.h,0x43dbe3
"__gnu_cxx::new_allocator<std::_Rb_tree_node<std::pair<long const, long>>>::deallocate",16200388800,20610494640,14400345600,210006300,0,0,1974059220,0,17640025872,0,0,0,1680002464,0,546016380,0,0,5880008624,5880008624,0,0,0,11760017248,2520003696,0,4200006160,0,0,0,42001260,0,0,0,0,0,0,0,0,0,0,0,0,0,0,0,0,0,0,0,0,0,0,0,0,33600049280,23520034496,0,0,0,driverForGraphClustering,"__gnu_cxx::new_allocator<std::_Rb_tree_node<std::pair<long const, long>>>::deallocate(std::_Rb_tree_node<std::pair<long const, long>>*, unsigned long)",new_allocator.h,0x431d2b
func@0x4042b0,13680328320,13590326160,7560181440,126003780,0,49309479240,0,336100800,5040007392,5040007392,4200006160,2520003696,5880008624,0,210006300,0,0,1680002464,0,0,0,0,10080014784,0,0,5880008624,0,0,0,0,0,0,0,0,0,0,0,0,0,0,42002940,0,0,0,46200067760,294008820,462013860,0,0,0,0,840001232,4200006160,0,8400012320,10080014784,0,0,2629988760,driverForGraphClustering,func@0x4042b0,[Unknown],0x4042b0
func@0x404360,13680328320,33210797040,25290606960,420012600,84002520,10710321300,0,428528520,41160060368,840001232,0,0,7560011088,0,3108093240,0,0,6720009856,6720009856,840001232,0,0,24360035728,3360004928,0,840001232,0,0,0,126003780,0,0,0,0,0,0,0,0,0,0,0,0,0,0,22680033264,126003780,42001260,0,0,0,0,0,840001232,2520003696,36960054208,54600080080,0,0,3121536180,driverForGraphClustering,func@0x404360,[Unknown],0x404360
"std::_Rb_tree<long, std::pair<long const, long>, std::_Select1st<std::pair<long const, long>>, std::less<long>, std::allocator<std::pair<long const, long>>>::_M_get_insert_hint_unique_pos",13500324000,6480155520,5490131760,42001260,0,4746142380,1806054180,79823940,7560011088,840001232,1680002464,0,1680002464,0,0,42001260,0,1680002464,0,0,0,0,2520003696,0,0,2520003696,0,0,0,0,0,0,0,0,0,0,0,0,0,0,0,0,0,0,7560011088,0,0,0,0,0,0,0,2520003696,0,5880008624,17640025872,0,0,722616720,driverForGraphClustering,"std::_Rb_tree<long, std::pair<long const, long>, std::_Select1st<std::pair<long const, long>>, std::less<long>, std::allocator<std::pair<long const, long>>>::_M_get_insert_hint_unique_pos(std::_Rb_tree_const_iterator<std::pair<long const, long>>, long const&)",stl_tree.h,0x41e700
"std::_Rb_tree<long, std::pair<long const, long>, std::_Select1st<std::pair<long const, long>>, std::less<long>, std::allocator<std::pair<long const, long>>>::_M_erase",13260318240,25110602640,19800475200,168005040,42001260,0,0,0,33600049280,7560011088,9240013552,5040007392,20160029568,0,1050031500,42001260,84002520,8400012320,3360004928,0,0,0,17640025872,4200006160,0,29400043120,0,0,42001260,42001260,0,0,0,0,0,0,0,0,0,0,0,0,0,0,0,0,0,0,0,0,0,840001232,8400012320,0,24360035728,12600018480,0,0,0,driverForGraphClustering,"std::_Rb_tree<long, std::pair<long const, long>, std::_Select1st<std::pair<long const, long>>, std::less<long>, std::allocator<std::pair<long const, long>>>::_M_erase(std::_Rb_tree_node<std::pair<long const, long>>*)",stl_tree.h,0x41e310
_intel_fast_memmove,12540300960,11430274320,9270222480,42001260,0,7308219240,714021420,50415120,10080014784,840001232,0,840001232,2520003696,0,42001260,0,0,2520003696,4200006160,0,840001232,0,10920016016,0,0,5040007392,0,0,0,84002520,0,0,0,0,0,0,0,0,0,0,0,0,0,0,5040007392,252007560,252007560,0,0,0,0,0,9240013552,0,25200036960,10920016016,0,0,735220500,driverForGraphClustering,_intel_fast_memmove,[Unknown],0x46aa60
"__gnu_cxx::new_allocator<std::_Rb_tree_node<std::pair<long const, long>>>::deallocate",11760282240,19080457920,14400345600,168005040,42001260,0,2394071820,0,15960023408,0,0,0,2520003696,0,2562076860,0,0,5880008624,4200006160,0,0,0,12600018480,5040007392,0,0,0,0,0,42001260,0,0,0,0,0,0,0,0,0,42002940,0,0,0,0,0,0,0,0,0,0,0,0,0,0,18480027104,16800024640,0,0,0,driverForGraphClustering,"__gnu_cxx::new_allocator<std::_Rb_tree_node<std::pair<long const, long>>>::deallocate(std::_Rb_tree_node<std::pair<long const, long>>*, unsigned long)",new_allocator.h,0x431d17
"__gnu_cxx::new_allocator<std::_Rb_tree_node<std::pair<long const, long>>>::deallocate",10800259200,13050313200,9360224640,210006300,0,0,5040151200,0,7560011088,840001232,840001232,0,2520003696,0,168005040,0,0,0,0,0,0,0,7560011088,1680002464,0,5040007392,0,0,0,42001260,0,0,0,0,0,0,0,0,0,0,0,0,0,0,0,0,0,0,0,0,0,0,0,0,10080014784,13440019712,0,0,0,driverForGraphClustering,"__gnu_cxx::new_allocator<std::_Rb_tree_node<std::pair<long const, long>>>::deallocate(std::_Rb_tree_node<std::pair<long const, long>>*, unsigned long)",new_allocator.h,0x41e3a3
"std::vector<double, std::allocator<double>>::operator[]",10740257760,11430274320,8280198720,126003780,0,26040781200,0,1268780520,10920016016,840001232,840001232,0,2520003696,0,0,0,0,4200006160,840001232,0,0,0,2520003696,0,0,4200006160,0,0,0,0,0,0,0,0,0,0,0,0,0,0,0,0,0,0,26880039424,0,0,0,0,0,0,840001232,6720009856,0,13440019712,5880008624,0,0,9078922860,driverForGraphClustering,"std::vector<double, std::allocator<double>>::operator[](unsigned long)",stl_vector.h,0x43d674
func@0x95d60,10680256320,10170244080,6480155520,126003780,0,90764722860,0,466339860,10920016016,840001232,840001232,840001232,840001232,0,42001260,0,0,2520003696,2520003696,0,1680002464,0,7560011088,840001232,0,840001232,0,0,0,0,0,0,0,0,0,0,0,0,0,0,0,0,0,0,90720133056,42001260,42001260,0,0,0,0,0,5040007392,0,5880008624,8400012320,0,0,3276982800,libstdc++.so.6.0.26,func@0x95d60,[Unknown],0x95d60
"__gnu_cxx::new_allocator<std::_Rb_tree_node<std::pair<long const, long>>>::deallocate",10560253440,13500324000,9450226800,126003780,84002520,0,1428042840,0,11760017248,0,0,0,840001232,0,1176035280,0,0,4200006160,5040007392,0,0,0,10080014784,1680002464,0,2520003696,0,0,0,0,0,0,0,0,0,0,0,0,0,0,0,0,0,0,0,0,0,0,0,0,0,0,0,0,14280020944,11760017248,0,0,0,driverForGraphClustering,"__gnu_cxx::new_allocator<std::_Rb_tree_node<std::pair<long const, long>>>::deallocate(std::_Rb_tree_node<std::pair<long const, long>>*, unsigned long)",new_allocator.h,0x431d3f
"std::__copy_move<(bool)1, (bool)1, std::random_access_iterator_tag>::__copy_m<double>",10260246240,13950334800,10980263520,84002520,0,1302039060,462013860,142842840,9240013552,840001232,0,840001232,2520003696,0,84002520,0,0,1680002464,840001232,0,0,0,15960023408,840001232,0,5040007392,0,0,0,42001260,0,0,0,0,0,0,0,0,0,0,0,0,0,0,0,0,0,0,0,0,0,840001232,7560011088,0,21000030800,11760017248,0,0,1008302400,driverForGraphClustering,"double* std::__copy_move<(bool)1, (bool)1, std::random_access_iterator_tag>::__copy_m<double>(double const*, double const*, double*)",stl_algobase.h,0x43dbb3
tcache_put,9420226080,5850140400,3330079920,42001260,42001260,2688080640,3654109620,96628980,2520003696,0,0,840001232,840001232,0,0,0,0,1680002464,840001232,0,1680002464,0,7560011088,0,0,0,0,0,0,0,0,0,0,0,0,0,0,0,0,0,0,0,0,0,2520003696,0,0,0,0,0,0,0,840001232,0,11760017248,5880008624,0,0,672201600,libc-2.29.so,tcache_put,malloc.c,0x96e44
"std::vector<double, std::allocator<double>>::_M_check_len",9360224640,13140315360,9180220320,84002520,0,0,0,0,10920016016,840001232,2520003696,0,1680002464,0,0,0,0,1680002464,0,0,0,0,6720009856,4200006160,0,1680002464,0,0,0,42001260,0,0,0,0,0,0,0,0,0,0,0,0,0,0,0,0,0,0,0,0,0,840001232,5040007392,0,9240013552,14280020944,0,0,0,driverForGraphClustering,"std::vector<double, std::allocator<double>>::_M_check_len(unsigned long, char const*) const",stl_vector.h,0x43db47
tcache_put,9060217440,4320103680,4680112320,0,0,294008820,1134034020,21006300,3360004928,0,0,0,0,0,0,0,0,840001232,3360004928,0,0,0,3360004928,0,0,0,0,0,0,84002520,0,0,0,0,0,0,0,0,0,0,0,0,0,0,0,0,0,0,0,0,0,0,2520003696,0,9240013552,6720009856,0,0,176452920,libc-2.29.so,tcache_put,malloc.c,0x96c61
"std::_Rb_tree<long, std::pair<long const, long>, std::_Select1st<std::pair<long const, long>>, std::less<long>, std::allocator<std::pair<long const, long>>>::_M_erase",8520204480,26820643680,15840380160,126003780,126003780,0,0,0,26880039424,10080014784,10920016016,7560011088,15960023408,0,1050031500,0,0,5880008624,2520003696,0,0,0,8400012320,840001232,0,15960023408,0,0,0,0,0,0,0,0,0,0,0,0,0,0,0,0,0,0,0,0,0,0,0,0,0,0,14280020944,0,28560041888,19320028336,0,0,0,driverForGraphClustering,"std::_Rb_tree<long, std::pair<long const, long>, std::_Select1st<std::pair<long const, long>>, std::less<long>, std::allocator<std::pair<long const, long>>>::_M_erase(std::_Rb_tree_node<std::pair<long const, long>>*)",stl_tree.h,0x41e310
"__gnu_cxx::__aligned_membuf<std::pair<long const, long>>::_M_addr",8160195840,6030144720,4680112320,42001260,0,0,0,0,5040007392,0,840001232,840001232,840001232,0,0,0,0,840001232,1680002464,0,0,0,4200006160,0,0,0,0,0,0,0,0,0,0,0,0,0,0,0,0,0,0,0,0,0,0,0,0,0,0,0,0,0,840001232,0,8400012320,10920016016,0,0,0,driverForGraphClustering,"__gnu_cxx::__aligned_membuf<std::pair<long const, long>>::_M_addr(void)",aligned_buffer.h,0x43d79c
renumberClustersContiguously,6720161280,17820427680,10620254880,252007560,126003780,2058061740,42001260,12603780,17640025872,11760017248,10080014784,0,0,0,0,0,0,0,0,0,0,0,0,0,0,0,0,0,0,0,0,0,0,0,0,0,0,0,0,0,0,0,0,1554046620,2520003696,798023940,756022680,42017640,0,0,0,0,15960023408,0,5880008624,5040007392,0,0,546163800,driverForGraphClustering,"renumberClustersContiguously(long*, long)",buildNextPhase.cpp,0x450630
"std::_Rb_tree<long, std::pair<long const, long>, std::_Select1st<std::pair<long const, long>>, std::less<long>, std::allocator<std::pair<long const, long>>>::_S_right",6660159840,7380177120,5940142560,0,84002520,6510195300,0,4201260,8400012320,0,0,0,840001232,0,42001260,0,0,1680002464,1680002464,0,0,0,2520003696,0,0,0,0,0,0,42001260,0,0,0,0,0,0,0,0,84005880,0,0,0,0,126003780,6720009856,630018900,420012600,126052920,0,0,0,0,0,0,21000030800,5040007392,0,0,29408820,driverForGraphClustering,"std::_Rb_tree<long, std::pair<long const, long>, std::_Select1st<std::pair<long const, long>>, std::less<long>, std::allocator<std::pair<long const, long>>>::_S_right(std::_Rb_tree_node_base*)",stl_tree.h,0x41e349
parallelLouvianMethod$omp$parallel_for@237,5640135360,17190412560,39060937440,378011340,0,2226066780,1176035280,46213860,15960023408,10080014784,2520003696,840001232,14280020944,0,0,0,0,840001232,1680002464,0,0,0,840001232,0,0,36960054208,0,0,0,0,0,0,0,0,0,0,0,0,0,0,0,0,0,630018900,840001232,84002520,0,0,0,0,10080014784,15120022176,18480027104,1680002464,2520003696,6720009856,0,0,1756126680,driverForGraphClustering,parallelLouvianMethod$omp$parallel_for@237,parallelLouvainMethod-nrt.cpp,0x430c00
func@0x4043d0,5520132480,4050097200,2790066960,0,0,33601008000,0,226868040,5040007392,0,0,0,840001232,0,42001260,0,0,0,0,0,0,0,840001232,0,0,0,0,0,0,0,0,0,0,0,0,0,0,0,0,0,0,0,0,0,19320028336,0,0,0,0,0,0,0,840001232,0,4200006160,5040007392,0,0,1646893920,driverForGraphClustering,func@0x4043d0,[Unknown],0x4043d0
"__gnu_cxx::new_allocator<std::_Rb_tree_node<std::pair<long const, long>>>::deallocate",5160123840,5940142560,5040120960,168005040,0,0,4830144900,0,9240013552,840001232,0,0,2520003696,0,126003780,0,0,1680002464,3360004928,0,0,0,6720009856,1680002464,0,2520003696,0,0,0,0,0,0,0,0,0,0,0,0,0,0,0,0,0,0,0,0,0,0,0,0,0,0,0,0,8400012320,1680002464,0,0,0,driverForGraphClustering,"__gnu_cxx::new_allocator<std::_Rb_tree_node<std::pair<long const, long>>>::deallocate(std::_Rb_tree_node<std::pair<long const, long>>*, unsigned long)",new_allocator.h,0x41e38f
sched_yield,5040120960,12330295920,6570157680,84002520,0,2520075600,0,4201260,19320028336,0,0,0,1680002464,0,0,42001260,0,840001232,1680002464,0,840001232,0,8400012320,840001232,0,840001232,0,0,0,0,0,0,0,0,0,0,0,0,0,0,0,0,0,0,6720009856,0,0,0,0,0,840001232,0,0,0,6720009856,16800024640,0,0,29408820,libc-2.29.so,sched_yield,syscall-template.S,0x101860
"__gnu_cxx::new_allocator<std::_Rb_tree_node<std::pair<long const, long>>>::deallocate",4920118080,5670136080,4320103680,84002520,0,0,1008030240,0,4200006160,0,0,0,3360004928,0,378011340,0,0,3360004928,2520003696,0,0,0,7560011088,840001232,0,0,0,0,0,0,0,0,0,0,0,0,0,0,0,0,0,0,0,0,0,0,0,0,0,0,0,0,0,0,11760017248,7560011088,0,0,0,driverForGraphClustering,"__gnu_cxx::new_allocator<std::_Rb_tree_node<std::pair<long const, long>>>::deallocate(std::_Rb_tree_node<std::pair<long const, long>>*, unsigned long)",new_allocator.h,0x431d53
__kmpc_atomic_float8_add,4860116640,73441762560,50491211760,630018900,210006300,966028980,168005040,0,72240105952,57120083776,42000061600,38640056672,63000092400,0,2478074340,0,0,2520003696,0,0,0,0,9240013552,1680002464,0,67200098560,0,0,0,252007560,210014700,0,0,0,0,8404620,0,0,42002940,0,0,0,0,0,0,252007560,0,0,42002940,0,0,840001232,42000061600,26880039424,19320028336,8400012320,0,0,0,libiomp5.so,__kmpc_atomic_float8_add,kmp_atomic.cpp,0x458c0
__gnu_cxx::new_allocator<double>::allocate,4500108000,2520060480,2520060480,0,0,462013860,3318099540,12603780,5880008624,0,0,0,0,0,0,0,0,1680002464,1680002464,0,0,0,3360004928,0,0,0,0,0,0,0,0,0,0,0,0,0,0,0,0,0,0,0,0,0,840001232,0,0,0,0,0,0,0,1680002464,0,5880008624,6720009856,0,0,189056700,driverForGraphClustering,"__gnu_cxx::new_allocator<double>::allocate(unsigned long, void const*)",new_allocator.h,0x431e19
"std::_Rb_tree<long, std::pair<long const, long>, std::_Select1st<std::pair<long const, long>>, std::less<long>, std::allocator<std::pair<long const, long>>>::_S_right",4320103680,3240077760,3600086400,168005040,0,2436073080,0,25207560,3360004928,0,0,0,1680002464,0,0,0,0,840001232,1680002464,0,0,0,7560011088,1680002464,0,0,0,0,0,0,0,0,0,84002520,0,0,0,0,0,0,0,0,0,0,1680002464,294008820,84002520,126052920,42002940,0,0,0,840001232,0,3360004928,1680002464,0,0,483144900,driverForGraphClustering,"std::_Rb_tree<long, std::pair<long const, long>, std::_Select1st<std::pair<long const, long>>, std::less<long>, std::allocator<std::pair<long const, long>>>::_S_right(std::_Rb_tree_node_base*)",stl_tree.h,0x41e352
__kmpc_atomic_fixed8_add,4260102240,5490131760,3150075600,84002520,0,1554046620,378011340,4201260,5040007392,0,840001232,0,2520003696,0,0,0,0,840001232,0,0,0,0,0,0,0,1680002464,0,0,0,42001260,336023520,0,0,0,0,0,0,0,0,0,0,0,0,0,1680002464,0,0,0,0,0,0,0,0,0,5040007392,0,0,0,2474542140,libiomp5.so,__kmpc_atomic_fixed8_add,kmp_atomic.cpp,0x458a0
"std::_Rb_tree_iterator<std::pair<long const, long>>::operator!=",4260102240,5040120960,3420082080,0,0,0,0,0,7560011088,0,840001232,840001232,840001232,0,42001260,0,0,3360004928,840001232,0,0,0,840001232,0,0,4200006160,0,0,0,0,0,0,0,0,0,0,0,0,0,0,0,0,0,0,0,0,0,0,0,0,0,0,3360004928,0,4200006160,6720009856,0,0,0,driverForGraphClustering,"std::_Rb_tree_iterator<std::pair<long const, long>>::operator!=(std::_Rb_tree_iterator<std::pair<long const, long>> const&) const",stl_tree.h,0x43e0b9
alloc_perturb,4140099360,2070049680,1800043200,0,0,16380491400,0,37811340,2520003696,0,0,0,0,0,0,0,0,1680002464,0,0,0,0,840001232,0,0,0,0,0,0,0,0,0,0,0,0,0,0,0,0,0,0,0,0,0,17640025872,42001260,0,0,0,0,0,0,840001232,0,2520003696,5880008624,0,0,264679380,libc-2.29.so,alloc_perturb,malloc.c,0x970f1
"std::_Vector_base<double, std::allocator<double>>::_M_allocate",4080097920,2880069120,2250054000,42001260,0,504015120,0,0,4200006160,0,0,0,0,0,0,0,0,840001232,0,0,0,0,4200006160,0,0,0,0,0,0,0,0,0,0,0,0,0,0,0,0,0,0,0,0,0,0,0,0,0,0,0,0,0,0,0,4200006160,3360004928,0,0,0,driverForGraphClustering,"std::_Vector_base<double, std::allocator<double>>::_M_allocate(unsigned long)",stl_vector.h,0x431a6b
"std::vector<double, std::allocator<double>>::_M_check_len",3660087840,1710041040,1080025920,0,0,2268068040,714021420,16805040,2520003696,0,0,0,0,0,0,0,0,0,1680002464,0,0,0,2520003696,0,0,0,0,0,0,42001260,0,0,0,0,0,0,0,0,0,0,0,0,0,0,5880008624,0,0,0,0,0,0,0,0,0,840001232,4200006160,0,0,214264260,driverForGraphClustering,"std::vector<double, std::allocator<double>>::_M_check_len(unsigned long, char const*) const",stl_vector.h,0x431a1a
"std::__copy_move<(bool)1, (bool)1, std::random_access_iterator_tag>::__copy_m<double>",3600086400,2340056160,1080025920,42001260,42001260,0,0,0,2520003696,0,0,0,0,0,0,0,0,840001232,0,0,0,0,840001232,0,0,0,0,0,0,42001260,0,0,0,0,0,0,0,0,0,0,0,0,0,0,0,0,0,0,0,0,0,0,0,0,3360004928,2520003696,0,0,0,driverForGraphClustering,"double* std::__copy_move<(bool)1, (bool)1, std::random_access_iterator_tag>::__copy_m<double>(double const*, double const*, double*)",stl_algobase.h,0x431a9d
parallelLouvianMethod$omp$parallel_for@210,2940070560,8910213840,20970503280,210006300,0,882026460,0,12603780,7560011088,5040007392,5880008624,3360004928,5880008624,0,42001260,0,0,840001232,0,0,0,0,0,0,0,37800055440,0,0,0,0,0,0,0,0,0,0,0,0,84005880,0,0,0,0,504015120,0,42001260,42001260,0,84005880,0,2520003696,5040007392,10920016016,0,1680002464,840001232,0,0,285685680,driverForGraphClustering,parallelLouvianMethod$omp$parallel_for@210,parallelLouvainMethod-nrt.cpp,0x430f13
"__gnu_cxx::new_allocator<std::_Rb_tree_node<std::pair<long const, long>>>::deallocate",2880069120,4680112320,3240077760,0,0,0,2562076860,0,2520003696,840001232,840001232,0,1680002464,0,168005040,0,0,0,0,0,0,0,2520003696,840001232,0,1680002464,0,0,0,0,0,0,0,0,0,0,0,0,0,0,0,0,0,0,0,0,0,0,0,0,0,0,1680002464,0,9240013552,840001232,0,0,0,driverForGraphClustering,"__gnu_cxx::new_allocator<std::_Rb_tree_node<std::pair<long const, long>>>::deallocate(std::_Rb_tree_node<std::pair<long const, long>>*, unsigned long)",new_allocator.h,0x41e37b
"__gnu_cxx::new_allocator<double>::construct<double, double const&>",2760066240,24570589680,16740401760,210006300,0,1638049140,1806054180,33610080,21840032032,19320028336,5040007392,0,25200036960,0,0,0,0,0,840001232,0,0,0,5040007392,0,0,22680033264,0,0,0,84002520,0,0,0,0,0,0,0,0,0,0,0,0,0,0,840001232,42001260,0,0,0,0,0,1680002464,17640025872,0,4200006160,1680002464,0,0,239471820,driverForGraphClustering,"void __gnu_cxx::new_allocator<double>::construct<double, double const&>(double*, double const&&&)",new_allocator.h,0x43dba5
"std::map<long, long, std::less<long>, std::allocator<std::pair<long const, long>>>::operator[]",2520060480,900021600,810019440,0,0,0,252007560,0,2520003696,0,0,0,840001232,0,0,0,0,840001232,0,0,0,0,0,0,0,0,0,0,0,0,0,0,0,0,0,0,0,0,0,0,0,0,0,0,0,0,0,0,0,0,0,0,0,0,2520003696,2520003696,0,0,0,driverForGraphClustering,"std::map<long, long, std::less<long>, std::allocator<std::pair<long const, long>>>::operator[](long const&)",stl_map.h,0x431873
__kmpc_atomic_float8_sub,2040048960,18810451440,14850356400,126003780,84002520,1428042840,84002520,0,17640025872,9240013552,10080014784,6720009856,19320028336,0,84002520,0,0,0,3360004928,0,0,0,4200006160,840001232,0,8400012320,0,0,0,84002520,168011760,0,0,0,0,8404620,0,0,0,0,0,0,0,0,0,42001260,0,0,126008820,0,0,0,14280020944,1680002464,5880008624,1680002464,0,0,0,libiomp5.so,__kmpc_atomic_float8_sub,kmp_atomic.cpp,0x45910
tcache_put,1980047520,68941654560,51841244160,336010080,42001260,0,42001260,718415460,89040130592,9240013552,2520003696,0,20160029568,0,210006300,0,42001260,21000030800,16800024640,0,0,0,21840032032,2520003696,0,36960054208,0,0,1218036540,84002520,0,0,0,0,0,0,0,0,0,0,0,0,0,0,0,0,0,0,0,0,0,1680002464,21840032032,0,79800117040,82320120736,0,0,15456435540,libc-2.29.so,tcache_put,malloc.c,0x967bc
plm_init$omp$parallel_for@285,1920046080,21240509760,33930814320,420012600,0,0,1302039060,0,19320028336,0,0,0,840001232,0,0,0,42001260,840001232,0,13440019712,0,0,3360004928,0,840001232,0,0,0,0,0,0,0,0,0,0,0,0,0,0,0,0,0,0,0,0,0,0,0,0,0,10920016016,0,840001232,17640025872,1680002464,2520003696,0,0,0,driverForGraphClustering,plm_init$omp$parallel_for@285,parallelLouvainMethod-nrt.cpp,0x431fc0
alloc_perturb,1800043200,810019440,900021600,0,0,126003780,0,0,1680002464,0,0,0,1680002464,0,0,0,0,0,840001232,0,0,0,1680002464,0,0,0,0,0,0,0,0,0,0,0,0,0,0,0,0,0,0,0,0,0,0,0,0,0,0,0,0,0,0,0,4200006160,1680002464,0,0,0,libc-2.29.so,alloc_perturb,malloc.c,0x96dd6
kmp_basic_flag_native<unsigned long long>::notdone_check,1740041760,1710041040,2250054000,42001260,0,336010080,0,1088126340,3360004928,840001232,0,0,0,0,42001260,0,0,0,840001232,0,0,0,1680002464,0,0,0,0,0,0,0,0,0,0,0,0,0,0,0,0,0,0,0,0,0,0,0,0,0,0,0,0,0,0,2520003696,0,1680002464,0,0,7625286900,libiomp5.so,kmp_basic_flag_native<unsigned long long>::notdone_check(void),kmp_wait_release.h,0x6253a
"std::_Rb_tree_iterator<std::pair<long const, long>>::operator==",1740041760,630015120,270006480,0,0,840025200,0,4201260,840001232,0,0,0,0,0,0,0,0,840001232,0,0,0,0,840001232,0,0,0,0,0,0,0,0,0,0,0,0,0,0,0,0,0,0,0,0,0,840001232,0,0,0,0,0,0,0,1680002464,0,840001232,1680002464,0,0,29408820,driverForGraphClustering,"std::_Rb_tree_iterator<std::pair<long const, long>>::operator==(std::_Rb_tree_iterator<std::pair<long const, long>> const&) const",stl_tree.h,0x41e99b
"std::vector<double, std::allocator<double>>::_M_realloc_insert<double>",1680040320,900021600,810019440,0,0,1050031500,0,33610080,840001232,0,0,0,0,0,0,0,0,0,0,0,0,0,2520003696,0,0,0,0,0,0,0,0,0,0,0,0,0,0,0,0,0,0,0,0,0,0,0,0,0,0,0,0,0,840001232,0,0,0,0,0,277283160,driverForGraphClustering,"void std::vector<double, std::allocator<double>>::_M_realloc_insert<double>(__gnu_cxx::__normal_iterator<double*, std::vector<double, std::allocator<double>>>, double&&)",stl_vector.h,0x431a1a
"__gnu_cxx::new_allocator<std::_Rb_tree_node<std::pair<long const, long>>>::allocate",1620038880,1170028080,630015120,0,0,0,0,0,2520003696,0,0,0,0,0,0,0,0,0,0,0,0,0,2520003696,0,0,0,0,0,0,0,0,0,0,0,0,0,0,0,0,0,0,0,0,0,0,0,0,0,0,0,0,0,0,0,840001232,840001232,0,0,0,driverForGraphClustering,"__gnu_cxx::new_allocator<std::_Rb_tree_node<std::pair<long const, long>>>::allocate(unsigned long, void const*)",new_allocator.h,0x43197f
_intel_fast_memmove,1620038880,810019440,1080025920,0,0,0,0,0,840001232,0,0,0,0,0,0,0,0,0,840001232,0,0,0,0,0,0,0,0,0,0,0,0,0,0,0,0,0,0,0,0,0,0,0,0,0,0,0,0,0,0,0,0,0,840001232,0,840001232,840001232,0,0,0,driverForGraphClustering,_intel_fast_memmove,[Unknown],0x46aa50
"__gnu_cxx::new_allocator<double>::construct<double, double>",1440034560,900021600,180004320,0,0,0,672020160,0,840001232,0,0,0,0,0,0,0,0,0,840001232,0,0,0,840001232,0,0,0,0,0,0,0,0,0,0,0,0,0,0,0,0,0,0,0,0,0,0,0,0,0,0,0,0,0,0,0,840001232,0,0,0,0,driverForGraphClustering,"void __gnu_cxx::new_allocator<double>::construct<double, double>(double*, double&&)",new_allocator.h,0x431a94
"std::_Vector_base<double, std::allocator<double>>::_M_deallocate",1440034560,1980047520,630015120,0,0,0,0,0,1680002464,840001232,0,0,0,0,0,0,0,0,0,0,0,0,1680002464,0,0,0,0,0,0,0,0,0,0,0,0,0,0,0,0,0,0,0,0,0,0,0,0,0,0,0,0,0,0,0,1680002464,840001232,0,0,0,driverForGraphClustering,"std::_Vector_base<double, std::allocator<double>>::_M_deallocate(double*, unsigned long)",stl_vector.h,0x43dbde
"std::_Rb_tree<long, std::pair<long const, long>, std::_Select1st<std::pair<long const, long>>, std::less<long>, std::allocator<std::pair<long const, long>>>::_M_begin",1380033120,270006480,810019440,0,0,756022680,0,12603780,840001232,0,0,0,0,0,0,0,0,0,0,0,0,0,840001232,0,0,0,0,0,0,0,0,0,0,0,0,0,0,0,0,0,0,0,0,0,840001232,0,0,0,0,0,0,0,0,0,840001232,5040007392,0,0,92427720,driverForGraphClustering,"std::_Rb_tree<long, std::pair<long const, long>, std::_Select1st<std::pair<long const, long>>, std::less<long>, std::allocator<std::pair<long const, long>>>::_M_begin(void)",stl_tree.h,0x41e91d
"std::_Rb_tree<long, std::pair<long const, long>, std::_Select1st<std::pair<long const, long>>, std::less<long>, std::allocator<std::pair<long const, long>>>::_S_right",1200028800,1800043200,1710041040,84002520,0,16002480060,0,58817640,4200006160,0,0,0,840001232,0,0,0,0,0,0,0,0,0,1680002464,0,0,0,0,0,0,0,0,0,0,84002520,0,0,0,0,42002940,0,0,0,0,126003780,6720009856,840025200,504015120,147061740,0,0,0,0,0,0,3360004928,0,0,0,403320960,driverForGraphClustering,"std::_Rb_tree<long, std::pair<long const, long>, std::_Select1st<std::pair<long const, long>>, std::less<long>, std::allocator<std::pair<long const, long>>>::_S_right(std::_Rb_tree_node_base*)",stl_tree.h,0x41e340
alloc_perturb,1140027360,720017280,360008640,0,0,3906117180,0,8402520,0,0,0,0,0,0,0,0,0,0,0,0,0,0,840001232,0,0,0,0,0,0,0,0,0,0,0,0,0,0,0,0,0,0,0,0,0,2520003696,0,0,0,0,0,0,0,0,0,1680002464,0,0,0,58817640,libc-2.29.so,alloc_perturb,malloc.c,0x975ca
"std::_Vector_base<double, std::allocator<double>>::_Vector_impl::_Vector_impl",1140027360,1080025920,630015120,0,0,0,210006300,0,840001232,0,0,0,0,0,0,0,0,0,0,0,0,0,0,0,0,840001232,0,0,0,0,0,0,0,0,0,0,0,0,0,0,0,0,0,0,0,0,0,0,0,0,0,0,0,0,2520003696,1680002464,0,0,0,driverForGraphClustering,"std::_Vector_base<double, std::allocator<double>>::_Vector_impl::_Vector_impl(void)",stl_vector.h,0x421af0
"std::_Rb_tree<long, std::pair<long const, long>, std::_Select1st<std::pair<long const, long>>, std::less<long>, std::allocator<std::pair<long const, long>>>::_S_left",900021600,1260030240,810019440,42001260,0,4410132300,0,63018900,840001232,0,0,0,840001232,0,0,0,0,840001232,0,0,0,0,1680002464,0,0,0,0,0,0,0,0,0,0,0,0,0,0,0,0,0,0,0,0,546016380,4200006160,126003780,84002520,0,0,0,0,0,0,0,4200006160,840001232,0,0,1819145580,driverForGraphClustering,"std::_Rb_tree<long, std::pair<long const, long>, std::_Select1st<std::pair<long const, long>>, std::less<long>, std::allocator<std::pair<long const, long>>>::_S_left(std::_Rb_tree_node_base*)",stl_tree.h,0x41e3a6
"__gnu_cxx::new_allocator<std::_Rb_tree_node<std::pair<long const, long>>>::deallocate",840020160,1800043200,1530036720,0,0,0,546016380,0,1680002464,0,0,0,0,0,126003780,0,0,0,0,0,0,0,0,0,0,0,84001260,0,0,0,0,0,0,0,0,0,0,0,0,0,0,0,0,0,0,0,0,0,0,0,0,0,1680002464,0,1680002464,840001232,0,0,0,driverForGraphClustering,"__gnu_cxx::new_allocator<std::_Rb_tree_node<std::pair<long const, long>>>::deallocate(std::_Rb_tree_node<std::pair<long const, long>>*, unsigned long)",new_allocator.h,0x41e367
displayGraphCharacteristics,600014400,360008640,270006480,0,0,0,0,0,0,0,0,0,0,0,0,0,0,0,0,0,0,0,0,0,0,0,0,0,0,0,0,42001260,0,0,0,0,0,0,0,0,0,0,0,0,0,0,0,0,0,0,0,0,0,0,0,0,0,0,0,driverForGraphClustering,displayGraphCharacteristics(graph*),utilityFunctions.cpp,0x44d180
"std::_Vector_base<double, std::allocator<double>>::_M_deallocate",540012960,180004320,270006480,0,0,1638049140,0,8402520,0,0,0,0,0,0,0,0,0,0,0,0,0,0,0,0,0,0,0,0,0,0,0,0,0,0,0,0,0,0,0,0,0,0,0,0,840001232,0,0,0,0,0,0,0,0,0,0,0,0,0,58817640,driverForGraphClustering,"std::_Vector_base<double, std::allocator<double>>::_M_deallocate(double*, unsigned long)",stl_vector.h,0x431aba
"std::_Vector_base<double, std::allocator<double>>::_M_allocate",480011520,720017280,0,0,0,0,0,0,0,0,0,0,0,0,0,0,0,0,0,0,0,0,840001232,0,0,0,0,0,0,0,0,0,0,0,0,0,0,0,0,0,0,0,0,0,0,0,0,0,0,0,0,0,0,0,1680002464,0,0,0,0,driverForGraphClustering,"std::_Vector_base<double, std::allocator<double>>::_M_allocate(unsigned long)",stl_vector.h,0x43db84
"std::vector<double, std::allocator<double>>::emplace_back<double>",360008640,90002160,90002160,0,0,0,0,0,0,0,0,0,0,0,0,0,0,0,840001232,0,0,0,0,0,0,0,0,0,0,0,0,0,0,0,0,0,0,0,0,0,0,0,0,0,0,0,0,0,0,0,0,0,0,0,0,0,0,0,0,driverForGraphClustering,"void std::vector<double, std::allocator<double>>::emplace_back<double>(double&&)",stl_vector.h,0x431a0c
"__gnu_cxx::__aligned_membuf<std::pair<long const, long>>::_M_addr",300007200,90002160,90002160,0,0,0,0,0,0,0,0,0,0,0,0,0,0,0,0,0,0,0,0,0,0,0,0,0,0,0,0,0,0,0,0,0,0,0,0,0,0,0,0,0,0,0,0,0,0,0,0,0,0,0,0,1680002464,0,0,0,driverForGraphClustering,"__gnu_cxx::__aligned_membuf<std::pair<long const, long>>::_M_addr(void)",aligned_buffer.h,0x431991
alloc_perturb,300007200,720017280,540012960,0,0,2646079380,0,12603780,0,0,0,0,0,0,0,0,126003780,0,0,0,0,0,0,0,0,1680002464,0,0,0,0,0,0,0,0,0,0,0,0,0,0,0,0,0,0,1680002464,0,0,0,0,0,0,0,0,0,840001232,1680002464,0,0,88226460,libc-2.29.so,alloc_perturb,malloc.c,0x97776
"std::_Rb_tree<long, std::pair<long const, long>, std::_Select1st<std::pair<long const, long>>, std::less<long>, std::allocator<std::pair<long const, long>>>::_M_end",300007200,180004320,0,0,0,0,0,0,0,0,0,0,0,0,0,0,0,0,0,0,0,0,0,0,0,0,0,0,0,0,0,0,0,0,0,0,0,0,0,0,0,0,0,0,0,0,0,0,0,0,0,0,0,0,0,0,0,0,0,driverForGraphClustering,"std::_Rb_tree<long, std::pair<long const, long>, std::_Select1st<std::pair<long const, long>>, std::less<long>, std::allocator<std::pair<long const, long>>>::_M_end(void)",stl_tree.h,0x41e715
__gnu_cxx::new_allocator<double>::deallocate,180004320,0,0,0,0,0,0,0,0,0,0,0,0,0,0,0,0,0,0,0,0,0,0,0,0,0,0,0,0,0,0,0,0,0,0,0,0,0,0,0,0,0,0,0,0,0,0,0,0,0,0,0,0,0,0,0,0,0,0,driverForGraphClustering,"__gnu_cxx::new_allocator<double>::deallocate(double*, unsigned long)",new_allocator.h,0x431db7
__kmp_x86_pause,180004320,900021600,720017280,0,0,0,0,0,840001232,0,0,0,0,0,0,0,0,0,0,0,0,0,0,0,0,0,0,0,0,0,0,0,0,0,0,0,0,0,0,0,0,0,0,0,0,0,0,0,0,0,0,0,0,0,0,3360004928,0,0,0,libiomp5.so,__kmp_x86_pause,kmp.h,0x62448
alloc_perturb,180004320,720017280,180004320,0,0,378011340,0,37811340,0,0,0,0,0,0,0,0,0,0,0,0,0,0,0,0,0,0,0,0,0,0,0,0,0,0,0,0,0,0,0,0,0,0,0,42001260,0,126003780,42001260,21008820,0,0,0,0,0,0,0,0,0,0,567170100,libc-2.29.so,alloc_perturb,malloc.c,0x96860
func@0x404140,180004320,0,0,0,0,126003780,0,4201260,0,0,0,0,0,0,0,0,0,0,0,0,0,0,0,0,0,0,0,0,0,0,0,0,0,0,0,0,0,0,0,0,0,0,0,0,0,42001260,84002520,0,0,0,0,0,0,0,0,0,0,0,67220160,driverForGraphClustering,func@0x404140,[Unknown],0x404140
initCommAss$omp$parallel_for@99,180004320,1170028080,720017280,0,0,0,0,0,1680002464,0,0,0,0,0,0,0,0,0,0,840001232,0,0,0,0,0,0,0,0,0,0,0,0,0,0,0,0,0,0,0,0,0,0,0,0,0,0,0,0,0,0,1680002464,0,0,0,0,0,0,0,0,driverForGraphClustering,initCommAss$omp$parallel_for@99,utilityClusteringFunctions.cpp,0x43ebf0
kmp_basic_flag_native<unsigned long long>::notdone_check,180004320,180004320,0,0,0,42001260,0,134440320,840001232,0,0,0,0,0,42001260,0,0,0,0,0,0,0,0,0,0,0,0,0,0,0,0,0,0,0,0,0,0,0,0,0,0,0,0,0,0,0,0,0,0,0,0,0,0,840001232,840001232,0,0,0,932679720,libiomp5.so,kmp_basic_flag_native<unsigned long long>::notdone_check(void),kmp_wait_release.h,0x630b3
"std::_Rb_tree<long, std::pair<long const, long>, std::_Select1st<std::pair<long const, long>>, std::less<long>, std::allocator<std::pair<long const, long>>>::_S_left",180004320,450010800,0,0,0,1638049140,0,37811340,0,0,0,0,0,0,0,0,0,0,0,0,0,0,0,0,0,0,0,0,0,0,0,0,0,0,0,0,0,0,0,0,0,0,0,168005040,2520003696,42001260,0,0,0,0,0,0,0,0,0,0,0,0,306691980,driverForGraphClustering,"std::_Rb_tree<long, std::pair<long const, long>, std::_Select1st<std::pair<long const, long>>, std::less<long>, std::allocator<std::pair<long const, long>>>::_S_left(std::_Rb_tree_node_base*)",stl_tree.h,0x41e392
"std::_Rb_tree<long, std::pair<long const, long>, std::_Select1st<std::pair<long const, long>>, std::less<long>, std::allocator<std::pair<long const, long>>>::_S_left",120002880,0,90002160,0,0,630018900,0,4201260,0,840001232,0,0,0,0,0,0,0,0,0,0,0,0,840001232,0,0,0,0,0,0,0,0,0,0,0,0,0,0,0,0,0,0,0,0,126003780,0,0,42001260,0,0,0,0,0,0,0,0,0,0,0,29408820,driverForGraphClustering,"std::_Rb_tree<long, std::pair<long const, long>, std::_Select1st<std::pair<long const, long>>, std::less<long>, std::allocator<std::pair<long const, long>>>::_S_left(std::_Rb_tree_node_base*)",stl_tree.h,0x41e37e
"std::vector<double, std::allocator<double>>::vector",120002880,90002160,0,0,0,504015120,0,0,0,0,0,0,0,0,0,0,0,0,0,0,0,0,0,0,0,0,0,0,0,0,0,0,0,0,0,0,0,0,0,0,0,0,0,0,5880008624,0,0,0,0,0,0,0,0,0,0,840001232,0,0,0,driverForGraphClustering,"std::vector<double, std::allocator<double>>::vector(void)",stl_vector.h,0x421af0
[sep5],60001440,5670136080,5040120960,84002520,0,672020160,336010080,8402520,8400012320,5880008624,3360004928,2520003696,3360004928,0,420012600,0,0,0,0,0,0,0,8400012320,0,0,2520003696,0,0,0,0,0,0,0,0,0,0,0,0,0,0,0,0,0,42001260,840001232,0,84002520,0,0,0,0,840001232,5040007392,3360004928,0,0,0,0,63018900,sep5,[sep5],[Unknown],0x0
"__gnu_cxx::operator-<double*, std::vector<double, std::allocator<double>>>",60001440,270006480,0,0,0,0,0,0,0,0,0,0,0,0,0,0,0,0,0,0,0,0,0,0,0,0,0,0,0,0,0,0,0,0,0,0,0,0,0,0,0,0,0,0,0,0,0,0,0,0,0,0,0,0,0,0,0,0,0,driverForGraphClustering,"__gnu_cxx::__normal_iterator<double*, std::vector<double, std::allocator<double>>>::difference_type __gnu_cxx::operator-<double*, std::vector<double, std::allocator<double>>>(__gnu_cxx::__normal_iterator<double*, std::vector<double, std::allocator<double>>> const&, __gnu_cxx::__normal_iterator<double*, std::vector<double, std::allocator<double>>> const&)",stl_iterator.h,0x43db95
__vfscanf_internal,60001440,0,0,0,0,0,0,0,0,0,0,0,0,0,0,0,0,0,0,0,0,0,0,0,0,0,0,0,0,0,0,0,0,0,0,0,0,0,0,0,0,0,0,0,0,0,0,0,0,0,0,0,0,0,0,0,0,0,0,libc-2.29.so,__vfscanf_internal,vfscanf-internal.c,0x645c0
calConstantForSecondTerm$omp$parallel_for@91,60001440,540012960,1350032400,0,0,42001260,0,0,840001232,0,0,0,840001232,0,0,0,0,0,0,0,0,0,0,0,0,840001232,0,0,0,0,0,0,0,0,0,0,0,0,0,0,0,0,0,0,0,0,0,0,0,0,840001232,840001232,840001232,0,0,0,0,0,0,driverForGraphClustering,calConstantForSecondTerm$omp$parallel_for@91,utilityClusteringFunctions.cpp,0x43d281
func@0x7e0c0,60001440,90002160,90002160,0,0,0,0,0,0,0,0,0,0,0,0,0,0,0,0,0,0,0,0,0,0,0,0,0,0,0,0,0,0,0,0,0,0,0,0,0,0,0,0,0,0,0,0,0,0,0,0,0,0,0,0,0,0,0,0,libittnotify_collector.so,func@0x7e0c0,[Unknown],0x7e0c0
pvclock_gtod_notify,60001440,180004320,0,0,0,0,0,0,0,0,0,0,0,0,0,0,0,0,0,0,0,0,0,0,0,0,0,0,0,0,0,0,0,0,0,0,0,0,0,0,0,0,0,0,0,0,0,0,0,0,0,0,840001232,0,0,840001232,0,0,0,kvm,pvclock_gtod_notify,[Unknown],0x15250
[Import thunk sched_yield],0,270006480,90002160,0,0,1890056700,0,0,0,0,0,0,0,0,0,0,0,0,0,0,0,0,840001232,0,0,0,0,0,0,0,0,0,0,0,0,0,0,0,0,0,0,0,0,0,1680002464,0,0,0,0,0,0,0,0,0,0,0,0,0,0,libiomp5.so,[Import thunk sched_yield],[Unknown],0x27a48
[OpenMP dispatcher],0,0,90002160,0,0,0,0,0,0,0,0,840001232,0,0,0,0,0,0,0,0,0,0,0,0,0,0,0,0,0,0,0,0,0,0,0,0,0,0,0,0,0,0,0,0,0,0,0,0,0,0,0,0,0,0,0,0,0,0,0,libiomp5.so,__kmp_invoke_task_func,kmp_runtime.cpp,0xaa600
[Unknown stack frame(s)],0,0,0,0,0,9828294840,3318099540,235270560,0,0,0,0,0,0,0,0,0,0,0,0,0,0,0,0,0,0,0,0,0,0,2478173460,0,0,0,0,310970940,0,0,1008070560,1134079380,0,0,0,1008030240,50400073920,294008820,84002520,105044100,420029400,0,0,0,0,0,0,0,0,0,0,[Unknown],[Unknown stack frame(s)],[Unknown],0x0
_INTERNAL_25_______src_kmp_barrier_cpp_ddfed41b::__kmp_release_template<kmp_flag_64>,0,0,90002160,0,0,0,0,0,0,0,0,0,0,0,0,0,0,0,0,0,0,0,0,0,0,0,0,0,0,0,0,0,0,0,0,0,0,0,0,0,0,0,0,0,0,0,0,0,0,0,0,0,0,0,0,0,0,0,0,libiomp5.so,void _INTERNAL_25_______src_kmp_barrier_cpp_ddfed41b::__kmp_release_template<kmp_flag_64>(kmp_flag_64*),kmp_wait_release.h,0x65dbb
_INTERNAL_26_______src_z_Linux_util_cpp_20354e55::__kmp_suspend_template<kmp_flag_64>,0,90002160,0,0,0,0,0,0,0,0,0,0,0,0,0,0,0,0,0,0,0,0,0,0,0,0,0,0,0,0,0,0,0,0,0,0,0,0,0,0,0,0,0,0,0,0,0,0,0,0,0,0,0,0,0,0,0,0,0,libiomp5.so,"void _INTERNAL_26_______src_z_Linux_util_cpp_20354e55::__kmp_suspend_template<kmp_flag_64>(int, kmp_flag_64*)",z_Linux_util.cpp,0xebcc9
__GI___pthread_mutex_lock,0,0,180004320,0,0,0,0,0,0,0,0,0,840001232,0,0,0,0,0,0,0,0,0,0,0,0,0,0,0,0,0,0,0,0,0,0,0,0,0,0,0,0,0,0,0,0,0,0,0,0,0,0,0,0,0,0,0,0,0,0,libpthread-2.29.so,__GI___pthread_mutex_lock,pthread_mutex_lock.c,0xb8f0
"__gnu_cxx::new_allocator<std::_Rb_tree_node<std::pair<long const, long>>>::allocate",0,0,0,0,0,0,84002520,0,0,0,0,0,0,0,0,0,0,0,0,0,0,0,0,0,0,0,0,0,0,0,0,0,0,0,0,0,0,0,0,0,0,0,0,0,0,0,0,0,0,0,0,0,0,0,0,0,0,0,0,driverForGraphClustering,"__gnu_cxx::new_allocator<std::_Rb_tree_node<std::pair<long const, long>>>::allocate(unsigned long, void const*)",new_allocator.h,0x450873
"__gnu_cxx::new_allocator<std::_Rb_tree_node<std::pair<long const, long>>>::construct<std::pair<long const, long>, std::piecewise_construct_t const&, std::tuple<long const&>, std::tuple<>>",0,0,90002160,0,0,0,0,0,0,0,0,0,0,0,0,0,0,0,0,0,0,0,0,0,0,0,0,0,0,0,0,0,0,0,0,0,0,0,0,0,0,0,0,0,0,0,0,0,0,0,0,0,0,0,0,0,0,0,0,driverForGraphClustering,"void __gnu_cxx::new_allocator<std::_Rb_tree_node<std::pair<long const, long>>>::construct<std::pair<long const, long>, std::piecewise_construct_t const&, std::tuple<long const&>, std::tuple<>>(std::pair<long const, long>*, std::piecewise_construct_t const&&&)",new_allocator.h,0x43d7a0
__intel_avx_rep_memcpy,0,900021600,1710041040,0,0,0,0,0,0,0,0,0,0,0,0,0,0,0,0,0,0,0,0,0,0,3360004928,0,0,0,0,0,0,0,0,0,0,0,0,0,0,0,0,0,0,0,0,0,0,0,0,840001232,840001232,0,840001232,0,0,0,0,0,driverForGraphClustering,__intel_avx_rep_memcpy,[Unknown],0x46e3c0
__intel_avx_rep_memset,0,900021600,720017280,0,0,0,0,0,840001232,0,0,0,0,0,0,0,0,0,0,0,0,0,0,0,0,0,0,0,0,0,0,0,0,0,0,0,0,0,0,0,0,0,0,0,0,0,0,0,0,0,0,0,0,1680002464,0,0,0,0,0,driverForGraphClustering,__intel_avx_rep_memset,[Unknown],0x46fb90
__kmp_finish_implicit_task,0,90002160,0,0,0,0,0,0,0,0,0,0,0,0,0,0,0,0,0,0,0,0,840001232,0,0,0,0,0,0,0,0,0,0,0,0,0,0,0,0,0,0,0,0,0,0,0,0,0,0,0,0,0,0,0,0,0,0,0,0,libiomp5.so,__kmp_finish_implicit_task,kmp_tasking.cpp,0xd6210
__kmp_fork_barrier,0,0,90002160,0,0,0,0,0,0,0,0,0,0,0,0,0,0,0,0,0,0,0,0,0,0,0,0,0,0,0,0,0,0,0,0,0,0,0,0,0,0,0,0,0,0,0,0,0,0,0,0,0,0,0,0,0,0,0,0,libiomp5.so,"__kmp_fork_barrier(int, int)",kmp_barrier.cpp,0x6bf80
__kmp_invoke_microtask,0,90002160,0,0,0,0,0,0,0,0,0,0,0,0,0,0,0,0,0,0,0,0,840001232,0,0,0,0,0,0,0,0,0,0,0,0,0,0,0,0,0,0,0,0,0,0,0,0,0,0,0,0,0,0,0,0,0,0,0,0,libiomp5.so,__kmp_invoke_microtask,[Unknown],0xe7e40
__kmp_join_barrier,0,180004320,180004320,0,0,0,0,0,1680002464,0,0,0,0,0,0,0,0,0,0,0,0,0,840001232,0,0,0,0,0,0,0,0,0,0,0,0,0,0,0,0,0,0,0,0,0,0,0,0,0,0,0,0,0,0,0,0,0,0,0,0,libiomp5.so,__kmp_join_barrier(int),kmp_barrier.cpp,0x6ae40
__kmp_launch_thread,0,90002160,0,0,0,0,0,0,0,0,0,0,0,0,0,0,0,0,0,0,0,0,0,0,0,0,0,0,0,0,0,0,0,0,0,0,0,0,0,0,0,0,0,0,0,0,0,0,0,0,0,0,0,0,0,0,0,0,0,libiomp5.so,__kmp_launch_thread,kmp_runtime.cpp,0xa9570
__kmp_tid_from_gtid,0,0,0,0,0,0,0,0,0,0,0,0,840001232,0,0,0,0,0,0,0,0,0,0,0,0,0,0,0,0,0,0,0,0,0,0,0,0,0,0,0,0,0,0,0,0,0,0,0,0,0,0,0,0,0,0,0,0,0,0,libiomp5.so,__kmp_tid_from_gtid,kmp.h,0xb6ad7
__kmp_x86_pause,0,90002160,90002160,0,0,0,0,0,0,0,0,0,0,0,0,0,0,0,0,0,0,0,0,0,0,0,0,0,0,0,0,0,0,0,0,0,0,0,0,0,0,0,0,0,0,0,0,0,0,0,0,0,0,0,0,0,0,0,0,libiomp5.so,__kmp_x86_pause,kmp.h,0x62fc5
__kmp_yield,0,540012960,360008640,0,0,0,0,0,0,0,0,0,0,0,0,0,0,0,0,0,0,0,840001232,840001232,0,0,0,0,0,0,0,0,0,0,0,0,0,0,0,0,0,0,0,0,0,0,0,0,0,0,0,0,0,0,0,0,0,0,0,libiomp5.so,__kmp_yield,z_Linux_util.cpp,0xeb370
__kmpc_for_static_fini,0,90002160,0,0,0,0,0,0,0,0,0,0,0,0,0,0,0,0,0,0,0,0,0,0,0,0,0,0,0,0,0,0,0,0,0,0,0,0,0,0,0,0,0,0,0,0,0,0,0,0,0,0,0,0,0,0,0,0,0,libiomp5.so,__kmpc_for_static_fini,kmp_csupport.cpp,0x6ece0
__malloc_assert,0,0,90002160,0,0,0,0,0,0,0,0,0,0,0,0,0,0,0,0,0,0,0,0,0,0,0,0,0,0,0,0,0,0,0,0,0,0,0,0,0,0,0,0,0,0,0,0,0,0,0,0,0,0,0,0,0,0,0,0,libc-2.29.so,__malloc_assert,malloc.c,0x97415
__pthread_cond_signal,0,0,90002160,0,0,0,0,0,0,0,0,0,0,0,0,0,0,0,0,0,0,0,0,0,0,0,0,0,0,0,0,0,0,0,0,0,0,0,0,0,0,0,0,0,0,0,0,0,0,0,0,0,0,0,0,0,0,0,0,libpthread-2.29.so,__pthread_cond_signal,pthread_cond_signal.c,0xfbf0
__pthread_enable_asynccancel,0,0,90002160,0,0,0,0,0,0,0,0,0,0,0,0,0,0,0,0,0,0,0,0,0,0,0,0,0,0,0,0,0,0,0,0,0,0,0,0,0,0,0,0,0,0,0,0,0,0,0,0,0,0,0,0,0,0,0,0,libpthread-2.29.so,__pthread_enable_asynccancel,cancellation.S,0x129e0
__pthread_mutex_unlock_usercnt,0,90002160,0,0,0,0,0,0,0,0,0,0,0,0,0,0,0,0,0,0,0,0,0,0,0,0,0,0,0,0,0,0,0,0,0,0,0,0,0,0,0,0,0,0,0,0,0,0,0,0,0,0,0,0,0,0,0,0,0,libpthread-2.29.so,__pthread_mutex_unlock_usercnt,pthread_mutex_unlock.c,0xd100
_itoa_word,0,0,90002160,0,0,0,0,0,0,0,0,0,0,0,0,0,0,0,0,0,0,0,0,0,0,0,0,0,0,0,0,0,0,0,0,0,0,0,0,0,0,0,0,0,0,0,0,0,0,0,0,0,0,0,0,0,0,0,0,libc-2.29.so,_itoa_word,_itoa.c,0x5c260
_pthread_cleanup_pop,0,0,90002160,0,0,0,0,0,0,0,0,0,0,0,0,0,0,0,0,0,0,0,0,0,0,0,0,0,0,0,0,0,0,0,0,0,0,0,0,0,0,0,0,0,0,0,0,0,0,0,0,0,0,0,0,0,0,0,0,libpthread-2.29.so,_pthread_cleanup_pop,cleanup_compat.c,0x12610
ahci_handle_port_interrupt,0,270006480,90002160,0,0,0,0,0,0,0,0,0,0,0,0,0,0,0,0,0,0,0,0,0,0,0,0,0,0,0,0,0,0,0,0,0,0,0,0,0,0,0,0,0,0,0,0,0,0,0,0,0,0,0,0,0,0,0,0,libahci,ahci_handle_port_interrupt,[Unknown],0x1490
ahci_handle_port_intr,0,0,180004320,0,0,0,0,0,840001232,0,0,0,0,0,0,0,0,0,0,0,0,0,0,0,0,0,0,0,0,0,0,0,0,0,0,0,0,0,0,0,0,0,0,0,0,0,0,0,0,0,0,0,0,0,0,0,0,0,0,libahci,ahci_handle_port_intr,[Unknown],0x1a40
ahci_print_info,0,0,0,0,0,0,0,0,0,0,0,0,0,0,0,0,0,0,0,0,0,0,840001232,0,0,0,0,0,0,0,0,0,0,0,0,0,0,0,0,0,0,0,0,0,0,0,0,0,0,0,0,0,0,0,0,0,0,0,0,libahci,ahci_print_info,[Unknown],0x0
ahci_qc_issue,0,90002160,0,0,0,0,0,0,0,0,0,0,0,0,0,0,0,0,0,0,0,0,840001232,0,0,0,0,0,0,0,0,0,0,0,0,0,0,0,0,0,0,0,0,0,0,0,0,0,0,0,0,0,0,0,0,0,0,0,0,libahci,ahci_qc_issue,[Unknown],0x1b50
ahci_qc_prep,0,0,0,0,0,0,0,0,0,0,0,0,0,0,42001260,0,0,0,0,0,0,0,0,0,0,0,0,0,0,0,0,0,0,0,0,0,0,0,0,0,0,0,0,0,0,0,0,0,0,0,0,0,0,0,840001232,0,0,0,0,libahci,ahci_qc_prep,[Unknown],0x21f0
ahci_single_level_irq_intr,0,90002160,270006480,0,0,0,0,0,0,840001232,0,0,0,0,0,0,0,0,0,0,0,0,0,0,0,0,0,0,0,0,0,0,0,0,0,0,0,0,0,0,0,0,0,0,0,0,0,0,0,0,0,0,0,0,0,0,0,0,0,libahci,ahci_single_level_irq_intr,[Unknown],0x1ae0
check_match,0,0,0,0,0,0,0,0,0,0,0,0,0,0,42001260,0,0,0,0,0,0,0,0,0,0,0,0,0,0,0,0,0,0,0,0,0,0,0,0,0,0,0,0,0,0,0,0,0,0,0,0,0,0,0,0,0,0,0,0,ld-2.29.so,check_match,dl-lookup.c,0xa984
free_perturb,0,90002160,0,0,0,0,0,4201260,0,0,0,0,0,0,0,0,0,0,0,0,0,0,0,0,0,0,0,0,0,0,0,0,0,0,0,0,0,0,0,0,0,0,0,0,0,0,0,0,0,0,0,0,0,0,840001232,0,0,0,29408820,libc-2.29.so,free_perturb,malloc.c,0x95291
func@0x404030,0,180004320,180004320,0,0,42001260,0,4201260,1680002464,0,0,0,0,0,0,0,0,0,0,0,0,0,0,0,0,0,0,0,0,0,0,0,0,0,0,0,0,0,0,0,0,0,0,0,0,42001260,84002520,0,0,0,0,0,0,0,840001232,0,0,0,33610080,driverForGraphClustering,func@0x404030,[Unknown],0x404030
func@0x404400,0,0,0,0,0,0,0,0,0,0,0,0,0,0,0,0,0,0,0,0,0,0,0,0,0,0,0,0,0,0,0,0,0,0,0,0,0,0,0,0,0,0,0,0,0,84002520,168005040,0,0,0,0,0,0,0,0,0,0,0,0,driverForGraphClustering,func@0x404400,[Unknown],0x404400
func@0x53d0,0,0,90002160,0,0,0,0,0,0,0,0,0,0,0,0,0,0,0,0,0,0,0,0,0,0,0,0,0,0,0,0,0,0,0,0,0,0,0,0,0,0,0,0,0,0,0,0,0,0,0,0,0,0,0,0,0,0,0,0,libittnotify_collector.so,func@0x53d0,[Unknown],0x53d0
func@0x8530,0,90002160,360008640,0,0,0,0,0,0,0,0,0,0,0,0,0,0,0,0,0,0,0,0,0,0,0,0,0,0,0,0,0,0,0,0,0,0,0,0,0,0,0,0,0,0,0,0,0,0,0,0,0,0,0,0,0,0,0,0,libittnotify_collector.so,func@0x8530,[Unknown],0x8530
futex_wait_cancelable,0,0,0,0,0,0,0,0,0,0,0,0,0,0,0,0,42001260,0,0,0,0,0,0,0,0,0,0,0,0,0,0,0,0,0,0,0,0,0,0,0,0,0,0,0,0,0,0,0,0,0,0,0,0,0,0,0,0,0,0,libpthread-2.29.so,futex_wait_cancelable,futex-internal.h,0xf3a0
get_max_fast,0,9180220320,6300151200,168005040,0,0,0,0,10080014784,0,0,0,1680002464,0,0,0,0,840001232,4200006160,0,0,0,8400012320,0,0,840001232,0,0,0,210006300,0,0,0,0,0,0,0,0,0,0,0,0,0,0,0,0,0,0,0,0,0,0,2520003696,0,24360035728,21000030800,0,0,0,libc-2.29.so,get_max_fast,malloc.c,0x9670a
heap_trim,0,180004320,360008640,0,0,0,0,0,0,0,0,0,840001232,0,0,0,0,0,0,0,0,0,0,0,0,0,0,0,0,0,0,0,0,0,0,0,0,0,0,0,0,0,0,0,0,0,0,0,0,0,0,0,0,0,0,0,0,0,0,libc-2.29.so,heap_trim,arena.c,0x95748
igb_clean_rx_irq,0,270006480,180004320,0,0,0,0,0,0,0,0,0,0,0,0,0,0,0,0,0,0,0,0,0,0,0,0,0,0,0,0,0,0,0,0,0,0,0,0,0,0,0,0,0,0,0,0,0,0,0,840001232,0,0,0,0,0,0,0,0,igb,igb_clean_rx_irq,[Unknown],0x9c80
igb_msix_ring,0,0,90002160,0,0,0,0,0,0,0,0,0,0,0,0,0,0,0,0,0,0,0,0,0,0,0,0,0,0,0,0,0,0,0,0,0,0,0,0,0,0,0,0,0,0,0,0,0,0,0,0,0,0,0,0,0,0,0,0,igb,igb_msix_ring,[Unknown],0xca0
igb_poll,0,360008640,720017280,0,0,42001260,0,0,1680002464,840001232,0,0,840001232,0,0,0,0,0,0,0,0,0,0,0,0,840001232,0,0,0,0,0,0,0,0,0,0,0,0,0,0,0,0,0,0,0,0,0,0,0,0,0,0,0,0,0,0,0,0,0,igb,igb_poll,[Unknown],0xa4c0
igb_xmit_frame,0,0,90002160,0,0,0,0,0,0,0,0,0,0,0,0,0,0,0,0,0,0,0,0,0,0,0,0,0,0,0,0,0,0,0,0,0,0,0,0,0,0,0,0,0,0,0,0,0,0,0,0,0,0,0,0,0,0,0,0,igb,igb_xmit_frame,[Unknown],0x8640
igb_xmit_frame_ring,0,90002160,90002160,0,0,0,0,0,0,0,0,0,0,0,42001260,0,0,0,0,0,0,0,840001232,0,0,0,0,0,0,0,0,0,0,0,0,0,0,0,0,0,0,0,0,0,0,0,0,0,0,0,0,0,0,0,0,0,0,0,0,igb,igb_xmit_frame_ring,[Unknown],0x7b00
kmp_basic_flag_native<unsigned long long>::done_check,0,0,90002160,0,0,0,0,0,0,0,0,0,0,0,0,0,0,0,0,0,0,0,0,0,0,0,0,0,0,0,0,0,0,0,0,0,0,0,0,0,0,0,0,0,0,0,0,0,0,0,0,0,0,0,0,0,0,0,0,libiomp5.so,kmp_basic_flag_native<unsigned long long>::done_check(void),kmp_wait_release.h,0x62258
kmp_basic_flag_native<unsigned long long>::done_check,0,0,90002160,0,0,0,0,0,0,0,0,0,0,0,0,0,0,0,0,0,0,0,0,0,0,0,0,0,0,0,0,0,0,0,0,0,0,0,0,0,0,0,0,0,0,0,0,0,0,0,0,0,0,0,0,0,0,0,0,libiomp5.so,kmp_basic_flag_native<unsigned long long>::done_check(void),kmp_wait_release.h,0x62d56
kmp_flag_64::resume,0,0,0,0,0,0,0,0,0,840001232,0,0,0,0,0,0,0,0,0,0,0,0,0,0,0,0,0,0,0,0,0,0,0,0,0,0,0,0,0,0,0,0,0,0,0,0,0,0,0,0,0,0,0,0,0,0,0,0,0,libiomp5.so,kmp_flag_64::resume(int),kmp_wait_release.h,0x65e37
"std::_Rb_tree<long, std::pair<long const, long>, std::_Select1st<std::pair<long const, long>>, std::less<long>, std::allocator<std::pair<long const, long>>>::_M_get_insert_unique_pos",0,0,90002160,0,0,0,0,0,0,0,0,0,0,0,0,0,0,0,0,0,0,0,0,0,0,0,0,0,0,0,0,0,0,0,0,0,0,0,0,0,0,0,0,0,0,0,0,0,0,0,0,0,0,0,0,0,0,0,0,driverForGraphClustering,"std::_Rb_tree<long, std::pair<long const, long>, std::_Select1st<std::pair<long const, long>>, std::less<long>, std::allocator<std::pair<long const, long>>>::_M_get_insert_unique_pos(long const&)",stl_tree.h,0x41e91d
"std::_Rb_tree<long, std::pair<long const, long>, std::_Select1st<std::pair<long const, long>>, std::less<long>, std::allocator<std::pair<long const, long>>>::_S_left",0,0,0,0,0,126003780,0,8402520,0,0,0,0,0,0,0,0,0,0,0,0,0,0,0,0,0,0,0,0,0,0,0,0,0,0,0,0,0,0,0,0,0,0,0,210006300,840001232,0,0,0,0,0,0,0,0,0,0,0,0,0,58817640,driverForGraphClustering,"std::_Rb_tree<long, std::pair<long const, long>, std::_Select1st<std::pair<long const, long>>, std::less<long>, std::allocator<std::pair<long const, long>>>::_S_left(std::_Rb_tree_node_base*)",stl_tree.h,0x41e36a
"std::_Rb_tree_iterator<std::pair<long const, long>>::operator!=",0,90002160,180004320,0,0,0,0,0,0,0,0,0,0,0,0,0,0,0,0,0,0,0,0,0,0,0,0,0,0,0,0,0,0,0,0,0,0,0,0,0,0,0,0,0,0,0,0,0,0,0,0,0,0,0,0,0,0,0,0,driverForGraphClustering,"std::_Rb_tree_iterator<std::pair<long const, long>>::operator!=(std::_Rb_tree_iterator<std::pair<long const, long>> const&) const",stl_tree.h,0x45077f
"std::vector<double, std::allocator<double>>::operator[]",0,90002160,270006480,0,0,966028980,0,16805040,840001232,0,0,0,0,0,42001260,0,0,0,0,0,0,0,0,0,0,0,0,0,0,42001260,0,0,0,0,0,0,0,0,0,0,0,0,0,0,840001232,0,0,0,0,0,0,0,0,0,0,0,0,0,117635280,driverForGraphClustering,"std::vector<double, std::allocator<double>>::operator[](unsigned long)",stl_vector.h,0x43dff1
sysmalloc,0,90002160,90002160,0,0,42001260,0,0,840001232,0,0,0,0,0,0,0,42001260,0,0,0,0,0,0,0,0,0,0,0,0,0,0,0,0,0,0,0,0,0,0,0,0,0,0,0,0,42001260,0,0,0,0,0,0,0,0,0,0,0,0,0,libc-2.29.so,sysmalloc,malloc.c,0x95d90
